Ejer3/out/Ejer3.elf	0x1a00036c	0x00000034	t	getBlinkyLed
Ejer3/out/Ejer3.elf	0x1a0003a0	0x00000024	t	eventGenerator
Ejer3/out/Ejer3.elf	0x1a0003c4	0x00000014	t	setBlinkPeriodDelay
Ejer3/out/Ejer3.elf	0x1a0003d8	0x0000001a	t	setLedOffAndBlinkPeriodDelay
Ejer3/out/Ejer3.elf	0x1a0003f4	0x0000001a	t	setLedOnAndBlinkPeriodDelay
Ejer3/out/Ejer3.elf	0x1a002e40	0x00000018	t	ledsGpioBoardMap
Ejer3/out/Ejer3.elf	0x1a002e58	0x00000018	t	ledBlinkOnWaitPeriodTimeout
Ejer3/out/Ejer3.elf	0x1a002e70	0x00000018	t	ledBlinkOffWaitPeriodTimeout
Ejer3/out/Ejer3.elf	0x10000048	0x00000078	b	gLeds
Ejer3/out/Ejer3.elf	0x100000c0	0x00000001	b	gInitFlag
Ejer3/out/Ejer3.elf	0x1a000574	0x00000008	t	schedulerGoToSleep
Ejer3/out/Ejer3.elf	0x1a000644	0x00000040	t	setBlinkPeriod
Ejer3/out/Ejer3.elf	0x1a000684	0x00000030	t	setBlinkyLed
Ejer3/out/Ejer3.elf	0x1a0006b4	0x0000005c	t	appTask
Ejer3/out/Ejer3.elf	0x1a002e88	0x00000018	t	gLedsGpioMap
Ejer3/out/Ejer3.elf	0x1a002ea0	0x0000000c	t	gBlinkPeriodsArray
Ejer3/out/Ejer3.elf	0x100000c8	0x00000004	b	gAppControl
Ejer3/out/Ejer3.elf	0x1a0007c0	0x0000002c	t	getButton
Ejer3/out/Ejer3.elf	0x1a0007ec	0x00000002	t	doNothing
Ejer3/out/Ejer3.elf	0x1a0007f0	0x0000000e	t	setButtonDelay
Ejer3/out/Ejer3.elf	0x1a000800	0x0000000e	t	setButtonStatusAsPressed
Ejer3/out/Ejer3.elf	0x1a000810	0x0000000e	t	setButtonStatusAsReleased
Ejer3/out/Ejer3.elf	0x1a000820	0x0000003a	t	eventGenerator
Ejer3/out/Ejer3.elf	0x1a002eb4	0x00000018	t	buttonPressed
Ejer3/out/Ejer3.elf	0x1a002eec	0x00000024	t	buttonTransitionReleasing
Ejer3/out/Ejer3.elf	0x1a002ecc	0x00000018	t	buttonRelased
Ejer3/out/Ejer3.elf	0x1a002f10	0x00000024	t	buttonTransitionPressing
Ejer3/out/Ejer3.elf	0x1a002ee4	0x00000008	t	buttonsGpioBoardMap
Ejer3/out/Ejer3.elf	0x100000cc	0x00000020	b	gButtons
Ejer3/out/Ejer3.elf	0x100000ec	0x00000001	b	gInitFlag
Ejer3/out/Ejer3.elf	0x1a000b38	0x00000002	t	errorOcurred
Ejer3/out/Ejer3.elf	0x1a000b3c	0x00000002	t	doNothing
Ejer3/out/Ejer3.elf	0x1a002f34	0x00000030	t	timer_sd
Ejer3/out/Ejer3.elf	0x10000000	0x00000040	d	timer_dd
Ejer3/out/Ejer3.elf	0x1a001128	0x0000002c	t	gpioObtainPinConfig
Ejer3/out/Ejer3.elf	0x1a0013b8	0x00000040	t	Board_LED_Init
Ejer3/out/Ejer3.elf	0x1a00309c	0x0000000c	t	gpioLEDBits
Ejer3/out/Ejer3.elf	0x1a0030b8	0x00000060	t	pinmuxing
Ejer3/out/Ejer3.elf	0x1a003118	0x0000000c	t	InitClkStates
Ejer3/out/Ejer3.elf	0x1a001690	0x0000002c	t	Chip_UART_GetIndex
Ejer3/out/Ejer3.elf	0x1a0016bc	0x00000048	t	Chip_UART_ABIntHandler
Ejer3/out/Ejer3.elf	0x1a003124	0x00000008	t	UART_PClock
Ejer3/out/Ejer3.elf	0x1a00312c	0x00000008	t	UART_BClock
Ejer3/out/Ejer3.elf	0x100000f0	0x00000001	b	ABsyncSts
Ejer3/out/Ejer3.elf	0x1a001bf0	0x00000034	t	Chip_USB_PllSetup
Ejer3/out/Ejer3.elf	0x1a003134	0x00000014	t	usbPLLSetup
Ejer3/out/Ejer3.elf	0x1a001cb4	0x000000a8	t	pll_calc_divs
Ejer3/out/Ejer3.elf	0x1a001d5c	0x00000104	t	pll_get_frac
Ejer3/out/Ejer3.elf	0x1a001e60	0x00000024	t	Chip_Clock_TestMainPLLMultiplier
Ejer3/out/Ejer3.elf	0x1a001e84	0x00000048	t	Chip_Clock_FindBaseClock
Ejer3/out/Ejer3.elf	0x1a0022ac	0x00000022	t	Chip_Clock_GetDivRate
Ejer3/out/Ejer3.elf	0x1a003148	0x0000006c	t	periph_to_base
Ejer3/out/Ejer3.elf	0x100000f4	0x00000008	b	audio_usb_pll_freq
Ejer3/out/Ejer3.elf	0x1a0031c0	0x00000048	t	InitClkStates
Ejer3/out/Ejer3.elf	0x1a00271c	0x0000002c	t	Chip_TIMER_GetClockIndex
Ejer3/out/Ejer3.elf	0x1a080000	0x00000000	a	__top_MFlashA512
Ejer3/out/Ejer3.elf	0x1a003210	0x00000000	r	__exidx_end
Ejer3/out/Ejer3.elf	0x1a003210	0x00000000	r	_etext
Ejer3/out/Ejer3.elf	0x20008000	0x00000000	a	__top_RamAHB32
Ejer3/out/Ejer3.elf	0x1a003208	0x00000000	t	__exidx_start
Ejer3/out/Ejer3.elf	0x20010000	0x00000000	a	__top_RamAHB_ETB16
Ejer3/out/Ejer3.elf	0x10008000	0x00000000	a	__top_RamLoc32
Ejer3/out/Ejer3.elf	0x2000c000	0x00000000	a	__top_RamAHB16
Ejer3/out/Ejer3.elf	0x1008a000	0x00000000	a	__top_RamLoc40
Ejer3/out/Ejer3.elf	0x10000154	0x00000000	b	_pvHeapStart
Ejer3/out/Ejer3.elf	0x1b080000	0x00000000	a	__top_MFlashB512
Ejer3/out/Ejer3.elf	0x1a001f7c	0x0000001c	T	Chip_Clock_GetDividerSource
Ejer3/out/Ejer3.elf	0x1a0028dc	0x0000002e	T	__gnu_uldivmod_helper
Ejer3/out/Ejer3.elf	0x1a000da0	0x00000040	T	TIMER2_IRQHandler
Ejer3/out/Ejer3.elf	0x1a000194	0x00000002	W	DebugMon_Handler
Ejer3/out/Ejer3.elf	0x1a0001a0	0x00000002	W	RIT_IRQHandler
Ejer3/out/Ejer3.elf	0x1a000c4c	0x00000040	T	Timer_DeInit
Ejer3/out/Ejer3.elf	0x1a0001a0	0x00000002	W	ADCHS_IRQHandler
Ejer3/out/Ejer3.elf	0x1a002910	0x0000029c	T	__divdi3
Ejer3/out/Ejer3.elf	0x1a000114	0x00000000	T	__section_table_start
Ejer3/out/Ejer3.elf	0x1a0001a0	0x00000002	W	FLASH_EEPROM_IRQHandler
Ejer3/out/Ejer3.elf	0x1a0001a0	0x00000002	W	I2C0_IRQHandler
Ejer3/out/Ejer3.elf	0x1a0009e0	0x00000044	T	uartReadByte
Ejer3/out/Ejer3.elf	0x1a001c24	0x00000034	T	Chip_USB0_Init
Ejer3/out/Ejer3.elf	0x1a001794	0x00000010	T	Chip_UART_CheckBusy
Ejer3/out/Ejer3.elf	0x1a000f28	0x0000003e	T	delayRead
Ejer3/out/Ejer3.elf	0x1a000180	0x00000002	W	HardFault_Handler
Ejer3/out/Ejer3.elf	0x1a001a28	0x0000000c	T	Chip_UART_GetABEOStatus
Ejer3/out/Ejer3.elf	0x1a000000	0x00000000	A	__vectors_start__
Ejer3/out/Ejer3.elf	0x1a001b3c	0x00000030	T	RingBuffer_Pop
Ejer3/out/Ejer3.elf	0x1a001464	0x00000014	T	Board_UARTPutSTR
Ejer3/out/Ejer3.elf	0x1a002360	0x00000018	T	Chip_Clock_DisableBaseClock
Ejer3/out/Ejer3.elf	0x1a001014	0x00000024	T	SysTick_Handler
Ejer3/out/Ejer3.elf	0x1a001810	0x00000044	T	Chip_UART_SetBaud
Ejer3/out/Ejer3.elf	0x1a0020ec	0x0000009c	T	Chip_Clock_SetupMainPLLMult
Ejer3/out/Ejer3.elf	0x1a0001a0	0x00000002	W	SDIO_IRQHandler
Ejer3/out/Ejer3.elf	0x1a001448	0x0000001c	T	Board_UARTGetChar
Ejer3/out/Ejer3.elf	0x1a0001a0	0x00000002	W	ATIMER_IRQHandler
Ejer3/out/Ejer3.elf	0x1a000198	0x00000002	W	PendSV_Handler
Ejer3/out/Ejer3.elf	0x1a00017c	0x00000002	W	NMI_Handler
Ejer3/out/Ejer3.elf	0x1a00044c	0x0000006c	T	ledsStartBlinking
Ejer3/out/Ejer3.elf	0x1a000150	0x00000000	T	__data_section_table_end
Ejer3/out/Ejer3.elf	0x1a0001a0	0x00000002	W	I2C1_IRQHandler
Ejer3/out/Ejer3.elf	0x1a0001a0	0x00000002	W	UART1_IRQHandler
Ejer3/out/Ejer3.elf	0x1a0001a0	0x00000002	W	GPIO5_IRQHandler
Ejer3/out/Ejer3.elf	0x1a0005f0	0x00000040	T	schedulerDispatchTasks
Ejer3/out/Ejer3.elf	0x1a0001a0	0x00000002	W	CAN1_IRQHandler
Ejer3/out/Ejer3.elf	0x1a000954	0x00000024	T	fsm
Ejer3/out/Ejer3.elf	0x1a002568	0x00000014	T	Chip_Clock_EnablePLL
Ejer3/out/Ejer3.elf	0x53ff5066	0x00000000	A	__valid_user_code_checksum
Ejer3/out/Ejer3.elf	0x1a001584	0x00000028	T	Board_SSP_Init
Ejer3/out/Ejer3.elf	0x1a0001a0	0x00000002	W	USB1_IRQHandler
Ejer3/out/Ejer3.elf	0x1a0001a0	0x00000002	W	I2S0_IRQHandler
Ejer3/out/Ejer3.elf	0x1a0008e8	0x00000034	T	debounceTec0Task
Ejer3/out/Ejer3.elf	0x1a000a54	0x00000084	T	waitForReceiveStringOrTimeout
Ejer3/out/Ejer3.elf	0x1a000de0	0x00000040	T	TIMER3_IRQHandler
Ejer3/out/Ejer3.elf	0x1a0023bc	0x0000000c	T	Chip_Clock_GetBaseClocktHz
Ejer3/out/Ejer3.elf	0x1a000178	0x00000002	T	UART0_IRQHandler
Ejer3/out/Ejer3.elf	0x1a0001c0	0x00000012	T	bss_init
Ejer3/out/Ejer3.elf	0x1a002778	0x00000028	T	Chip_TIMER_ExtMatchControlSet
Ejer3/out/Ejer3.elf	0x1a000410	0x0000003c	T	ledsInit
Ejer3/out/Ejer3.elf	0x1a0018f8	0x0000000e	T	Chip_UART_ReadRB
Ejer3/out/Ejer3.elf	0x1a002760	0x00000018	T	Chip_TIMER_Reset
Ejer3/out/Ejer3.elf	0x1a002e18	0x00000016	T	memcpy
Ejer3/out/Ejer3.elf	0x1a0001a0	0x00000002	W	SGPIO_IRQHandler
Ejer3/out/Ejer3.elf	0x1a002754	0x0000000c	T	Chip_TIMER_DeInit
Ejer3/out/Ejer3.elf	0x1a002528	0x00000040	T	Chip_Clock_SetupPLL
Ejer3/out/Ejer3.elf	0x1a00287c	0x00000000	T	__aeabi_uldivmod
Ejer3/out/Ejer3.elf	0x10000154	0x00000000	?	_noinit
Ejer3/out/Ejer3.elf	0x1a000b14	0x00000018	T	uartWriteString
Ejer3/out/Ejer3.elf	0x10000150	0x00000004	B	SystemCoreClock
Ejer3/out/Ejer3.elf	0x1a001704	0x00000050	T	Chip_UART_Init
Ejer3/out/Ejer3.elf	0x1a0001a0	0x00000002	W	ADC0_IRQHandler
Ejer3/out/Ejer3.elf	0x1a001aac	0x00000090	T	RingBuffer_InsertMult
Ejer3/out/Ejer3.elf	0x1a000f08	0x00000020	T	delayConfig
Ejer3/out/Ejer3.elf	0x1a00018c	0x00000002	W	UsageFault_Handler
Ejer3/out/Ejer3.elf	0x1a0024ac	0x0000004c	T	Chip_Clock_GetRate
Ejer3/out/Ejer3.elf	0x1a0001a0	0x00000002	W	GPIO6_IRQHandler
Ejer3/out/Ejer3.elf	0x10000140	0x00000008	B	tickCounter
Ejer3/out/Ejer3.elf	0x1a001610	0x00000074	T	Board_SetupClocking
Ejer3/out/Ejer3.elf	0x1a002714	0x00000008	T	Chip_SystemInit
Ejer3/out/Ejer3.elf	0x1a0030b4	0x00000004	T	ExtRateIn
Ejer3/out/Ejer3.elf	0x1a0001a0	0x00000002	W	IntDefaultHandler
Ejer3/out/Ejer3.elf	0x1a0004d4	0x00000020	T	ledsTurnOn
Ejer3/out/Ejer3.elf	0x1a000300	0x00000000	T	__CRP_WORD_END__
Ejer3/out/Ejer3.elf	0x1a001008	0x0000000c	T	tickWrite
Ejer3/out/Ejer3.elf	0x1a0027fc	0x00000002	T	Chip_GPIO_DeInit
Ejer3/out/Ejer3.elf	0x1a00057c	0x00000040	T	schedulerAddTask
Ejer3/out/Ejer3.elf	0x1a0001a0	0x00000002	W	GPIO1_IRQHandler
Ejer3/out/Ejer3.elf	0x1a000f84	0x00000078	T	tickConfig
Ejer3/out/Ejer3.elf	0x1a001c58	0x00000048	T	Chip_USB1_Init
Ejer3/out/Ejer3.elf	0x1a0001a0	0x00000002	W	SSP0_IRQHandler
Ejer3/out/Ejer3.elf	0x1a001154	0x0000019c	T	gpioConfig
Ejer3/out/Ejer3.elf	0x1a0002fc	0x00000004	T	CRP_WORD
Ejer3/out/Ejer3.elf	0x1a002700	0x00000014	T	Chip_SetupIrcClocking
Ejer3/out/Ejer3.elf	0x1a002bac	0x0000026a	T	__udivdi3
Ejer3/out/Ejer3.elf	0x1a0001a0	0x00000002	W	ADC1_IRQHandler
Ejer3/out/Ejer3.elf	0x100000c4	0x00000001	B	errorCode
Ejer3/out/Ejer3.elf	0x1a001a7c	0x00000030	T	RingBuffer_Insert
Ejer3/out/Ejer3.elf	0x1a00150c	0x00000028	T	Board_Init
Ejer3/out/Ejer3.elf	0x1a000114	0x00000000	T	__data_section_table
Ejer3/out/Ejer3.elf	0x1a0001a0	0x00000002	W	RTC_IRQHandler
Ejer3/out/Ejer3.elf	0x10000154	0x00000000	B	_ebss
Ejer3/out/Ejer3.elf	0x1a000d28	0x0000003c	T	TIMER0_IRQHandler
Ejer3/out/Ejer3.elf	0x1a0001a0	0x00000002	W	SPI_IRQHandler
Ejer3/out/Ejer3.elf	0x1a0001a0	0x00000002	W	LCD_IRQHandler
Ejer3/out/Ejer3.elf	0x1a001ecc	0x0000004c	T	Chip_Clock_EnableCrystal
Ejer3/out/Ejer3.elf	0x1a001038	0x000000ee	T	boardConfig
Ejer3/out/Ejer3.elf	0x1a0001a4	0x0000001a	T	data_init
Ejer3/out/Ejer3.elf	0x1a000d64	0x0000003c	T	TIMER1_IRQHandler
Ejer3/out/Ejer3.elf	0x1a001f28	0x00000054	T	Chip_Clock_SetDivider
Ejer3/out/Ejer3.elf	0x1a000b2c	0x00000002	T	UART2_IRQHandler
Ejer3/out/Ejer3.elf	0x1a002244	0x00000068	T	Chip_Clock_GetMainPLLHz
Ejer3/out/Ejer3.elf	0x1a001754	0x0000001c	T	Chip_UART_DeInit
Ejer3/out/Ejer3.elf	0x1a000b34	0x00000004	T	sAPI_NullFuncPtr
Ejer3/out/Ejer3.elf	0x1a000710	0x000000a8	T	appInit
Ejer3/out/Ejer3.elf	0x1a000a24	0x00000030	T	uartWriteByte
Ejer3/out/Ejer3.elf	0x1a0013a0	0x00000016	T	gpioToggle
Ejer3/out/Ejer3.elf	0x1a0001a0	0x00000002	W	GPIO2_IRQHandler
Ejer3/out/Ejer3.elf	0x1a001f18	0x00000010	T	Chip_Clock_DisableCrystal
Ejer3/out/Ejer3.elf	0x1a002484	0x00000014	T	Chip_Clock_StartPowerDown
Ejer3/out/Ejer3.elf	0x1a000b40	0x0000010c	T	Timer_Init
Ejer3/out/Ejer3.elf	0x1a00035c	0x00000010	T	schedulerStart
Ejer3/out/Ejer3.elf	0x1a000c8c	0x00000008	T	Timer_microsecondsToTicks
Ejer3/out/Ejer3.elf	0x1a002398	0x00000024	T	Chip_Clock_GetBaseClock
Ejer3/out/Ejer3.elf	0x1a002590	0x0000000c	T	Chip_Clock_GetPLLStatus
Ejer3/out/Ejer3.elf	0x1a001854	0x00000024	T	Chip_UART_RXIntHandlerRB
Ejer3/out/Ejer3.elf	0x1a0018b4	0x00000042	T	Chip_UART_SendRB
Ejer3/out/Ejer3.elf	0x10000048	0x00000000	B	_bss
Ejer3/out/Ejer3.elf	0x1a0001a0	0x00000002	W	I2S1_IRQHandler
Ejer3/out/Ejer3.elf	0x1a0005bc	0x00000034	T	schedulerDeleteTask
Ejer3/out/Ejer3.elf	0x1a002188	0x000000bc	T	Chip_Clock_SetupMainPLLHz
Ejer3/out/Ejer3.elf	0x1a0027f8	0x00000002	T	Chip_GPIO_Init
Ejer3/out/Ejer3.elf	0x1a0030b0	0x00000004	T	OscRateIn
Ejer3/out/Ejer3.elf	0x1a001534	0x00000024	T	Board_I2C_Init
Ejer3/out/Ejer3.elf	0x10000154	0x00000000	?	_end_noinit
Ejer3/out/Ejer3.elf	0x10008000	0x00000000	A	_vStackTop
Ejer3/out/Ejer3.elf	0x1a0014e8	0x00000024	T	Board_ENET_GetMacADDR
Ejer3/out/Ejer3.elf	0x1a000e20	0x00000052	T	delayInaccurate
Ejer3/out/Ejer3.elf	0x1a0001a0	0x00000002	W	SSP1_IRQHandler
Ejer3/out/Ejer3.elf	0x1a002748	0x0000000c	T	Chip_TIMER_Init
Ejer3/out/Ejer3.elf	0x1a002378	0x00000020	T	Chip_Clock_IsBaseClockEnabled
Ejer3/out/Ejer3.elf	0x1a000178	0x00000000	T	__bss_section_table_end
Ejer3/out/Ejer3.elf	0x1a002314	0x00000034	T	Chip_Clock_GetBaseClockOpts
Ejer3/out/Ejer3.elf	0x1a000978	0x00000004	T	sleepUntilNextInterrupt
Ejer3/out/Ejer3.elf	0x1a00290c	0x00000002	W	__aeabi_ldiv0
Ejer3/out/Ejer3.elf	0x1a001b6c	0x00000082	T	RingBuffer_PopMult
Ejer3/out/Ejer3.elf	0x1a0001a0	0x00000002	W	USB0_IRQHandler
Ejer3/out/Ejer3.elf	0x1a000514	0x00000060	T	blinkLedTask
Ejer3/out/Ejer3.elf	0x1a002450	0x00000034	T	Chip_Clock_Disable
Ejer3/out/Ejer3.elf	0x1a0001a0	0x00000002	W	GPIO3_IRQHandler
Ejer3/out/Ejer3.elf	0x1a000ccc	0x00000044	T	Timer_DisableCompareMatch
Ejer3/out/Ejer3.elf	0x1a001434	0x00000014	T	Board_UARTPutChar
Ejer3/out/Ejer3.elf	0x1a001770	0x00000022	T	Chip_UART_Send
Ejer3/out/Ejer3.elf	0x1a0001a0	0x00000002	W	SCT_IRQHandler
Ejer3/out/Ejer3.elf	0x1a0024f8	0x00000030	T	Chip_Clock_GetEMCRate
Ejer3/out/Ejer3.elf	0x1a001908	0x00000036	T	Chip_UART_IRQRBHandler
Ejer3/out/Ejer3.elf	0x1a001f98	0x0000001c	T	Chip_Clock_GetDividerDivisor
Ejer3/out/Ejer3.elf	0x1a0002fc	0x00000000	T	__CRP_WORD_START__
Ejer3/out/Ejer3.elf	0x1a002e2e	0x00000010	T	memset
Ejer3/out/Ejer3.elf	0x1a000184	0x00000002	W	MemManage_Handler
Ejer3/out/Ejer3.elf	0x1a000634	0x00000010	T	main
Ejer3/out/Ejer3.elf	0x1a0017c8	0x00000022	T	Chip_UART_Read
Ejer3/out/Ejer3.elf	0x1a0001a0	0x00000002	W	WDT_IRQHandler
Ejer3/out/Ejer3.elf	0x1a000190	0x00000002	W	SVC_Handler
Ejer3/out/Ejer3.elf	0x1a000300	0x0000003c	T	schedulerUpdate
Ejer3/out/Ejer3.elf	0x1a000c94	0x00000038	T	Timer_EnableCompareMatch
Ejer3/out/Ejer3.elf	0x1a0026ec	0x00000014	T	Chip_SetupXtalClocking
Ejer3/out/Ejer3.elf	0x1a0014d0	0x00000016	T	Board_LED_Toggle
Ejer3/out/Ejer3.elf	0x1a0001a0	0x00000002	W	GPIO7_IRQHandler
Ejer3/out/Ejer3.elf	0x1a0023c8	0x0000003c	T	Chip_Clock_EnableOpts
Ejer3/out/Ejer3.elf	0x1a002f64	0x00000136	T	gpioPinsConfig
Ejer3/out/Ejer3.elf	0x1a001fb4	0x000000b8	T	Chip_Clock_GetClockInputHz
Ejer3/out/Ejer3.elf	0x1a0027a0	0x00000058	T	fpuInit
Ejer3/out/Ejer3.elf	0x1a0014a0	0x00000030	T	Board_LED_Test
Ejer3/out/Ejer3.elf	0x1a00206c	0x00000080	T	Chip_Clock_CalcMainPLLValue
Ejer3/out/Ejer3.elf	0x1a0015c0	0x0000001c	T	SystemInit
Ejer3/out/Ejer3.elf	0x1a0001a0	0x00000002	W	SPIFI_IRQHandler
Ejer3/out/Ejer3.elf	0x1a000ed0	0x00000038	T	delay
Ejer3/out/Ejer3.elf	0x1a0001a0	0x00000002	W	QEI_IRQHandler
Ejer3/out/Ejer3.elf	0x1a000150	0x00000000	T	__bss_section_table
Ejer3/out/Ejer3.elf	0x1a002438	0x00000018	T	Chip_Clock_RTCEnable
Ejer3/out/Ejer3.elf	0x1a0012f0	0x00000058	T	gpioWrite
Ejer3/out/Ejer3.elf	0x1a0017a4	0x00000024	T	Chip_UART_SendBlocking
Ejer3/out/Ejer3.elf	0x1a0015dc	0x00000034	T	Board_SetupMuxing
Ejer3/out/Ejer3.elf	0x1a001940	0x000000e8	T	Chip_UART_SetBaudFDR
Ejer3/out/Ejer3.elf	0x1a000ffc	0x0000000c	T	tickRead
Ejer3/out/Ejer3.elf	0x10000148	0x00000008	B	tickRateMS
Ejer3/out/Ejer3.elf	0x1a00091c	0x00000038	T	debounceTec1Task
Ejer3/out/Ejer3.elf	0x1a0004f4	0x00000020	T	ledsTurnOff
Ejer3/out/Ejer3.elf	0x1a0001a0	0x00000002	W	ETH_IRQHandler
Ejer3/out/Ejer3.elf	0x10000040	0x00000004	D	tickHookFunction
Ejer3/out/Ejer3.elf	0x10000000	0x00000000	?	_end_uninit_RESERVED
Ejer3/out/Ejer3.elf	0x1a000ad8	0x0000003a	T	waitForReceiveStringOrTimeoutBlocking
Ejer3/out/Ejer3.elf	0x1a0001a0	0x00000002	W	CAN0_IRQHandler
Ejer3/out/Ejer3.elf	0x10000000	0x00000000	D	_data
Ejer3/out/Ejer3.elf	0x1a000178	0x00000000	T	__section_table_end
Ejer3/out/Ejer3.elf	0x1a00085c	0x00000060	T	buttonsInit
Ejer3/out/Ejer3.elf	0x1a00097c	0x00000064	T	uartConfig
Ejer3/out/Ejer3.elf	0x1a0001a0	0x00000002	W	GINT0_IRQHandler
Ejer3/out/Ejer3.elf	0x1a0001a0	0x00000002	W	DAC_IRQHandler
Ejer3/out/Ejer3.elf	0x1a00140c	0x00000028	T	Board_Debug_Init
Ejer3/out/Ejer3.elf	0x10000044	0x00000000	D	_edata
Ejer3/out/Ejer3.elf	0x1a0001a0	0x00000002	W	M0SUB_IRQHandler
Ejer3/out/Ejer3.elf	0x1a001a34	0x00000038	T	Chip_UART_ABCmd
Ejer3/out/Ejer3.elf	0x1a000630	0x00000002	T	schedulerReportStatus
Ejer3/out/Ejer3.elf	0x1a00259c	0x00000150	T	Chip_SetupCoreClock
Ejer3/out/Ejer3.elf	0x1a0001a0	0x00000002	W	GPIO0_IRQHandler
Ejer3/out/Ejer3.elf	0x1a0008bc	0x0000002c	T	buttonsGetStatus
Ejer3/out/Ejer3.elf	0x1a001558	0x0000002c	T	Board_SDMMC_Init
Ejer3/out/Ejer3.elf	0x1a000000	0x00000114	T	g_pfnVectors
Ejer3/out/Ejer3.elf	0x1a002800	0x0000007c	T	ResetISR
Ejer3/out/Ejer3.elf	0x1a001ca0	0x00000014	T	SystemCoreClockUpdate
Ejer3/out/Ejer3.elf	0x1a0015ac	0x00000014	T	Board_DAC_Init
Ejer3/out/Ejer3.elf	0x1a0001a0	0x00000002	W	DMA_IRQHandler
Ejer3/out/Ejer3.elf	0x1a0001a0	0x00000002	W	EVRT_IRQHandler
Ejer3/out/Ejer3.elf	0x1a0004b8	0x0000001c	T	ledsSetBlinkPeriod
Ejer3/out/Ejer3.elf	0x1a001a6c	0x00000010	T	RingBuffer_Init
Ejer3/out/Ejer3.elf	0x1a000e74	0x0000005a	T	delayInaccurateUs
Ejer3/out/Ejer3.elf	0x1a00290c	0x00000002	W	__aeabi_idiv0
Ejer3/out/Ejer3.elf	0x1a00257c	0x00000014	T	Chip_Clock_DisablePLL
Ejer3/out/Ejer3.elf	0x1a002498	0x00000014	T	Chip_Clock_ClearPowerDown
Ejer3/out/Ejer3.elf	0x1a001878	0x0000003a	T	Chip_UART_TXIntHandlerRB
Ejer3/out/Ejer3.elf	0x1a000188	0x00000002	W	BusFault_Handler
Ejer3/out/Ejer3.elf	0x1a002404	0x00000034	T	Chip_Clock_Enable
Ejer3/out/Ejer3.elf	0x1a000b30	0x00000002	T	UART3_IRQHandler
Ejer3/out/Ejer3.elf	0x1a000f68	0x0000001c	T	delayWrite
Ejer3/out/Ejer3.elf	0x1a0001a0	0x00000002	W	MCPWM_IRQHandler
Ejer3/out/Ejer3.elf	0x1a0028ac	0x0000002e	T	__gnu_ldivmod_helper
Ejer3/out/Ejer3.elf	0x1a001478	0x00000028	T	Board_LED_Set
Ejer3/out/Ejer3.elf	0x1a0001a0	0x00000002	W	M0APP_IRQHandler
Ejer3/out/Ejer3.elf	0x1a001348	0x00000058	T	gpioRead
Ejer3/out/Ejer3.elf	0x100000fc	0x00000040	B	schedulerTasks
Ejer3/out/Ejer3.elf	0x1a0001a0	0x00000002	W	GINT1_IRQHandler
Ejer3/out/Ejer3.elf	0x1a00033c	0x00000020	T	schedulerInit
Ejer3/out/Ejer3.elf	0x1a000d10	0x00000018	T	Timer_SetCompareMatch
Ejer3/out/Ejer3.elf	0x1a0017ec	0x00000024	T	Chip_UART_ReadBlocking
Ejer3/out/Ejer3.elf	0x1a0013f8	0x00000014	T	Board_UART_Init
Ejer3/out/Ejer3.elf	0x1a002348	0x00000018	T	Chip_Clock_EnableBaseClock
Ejer3/out/Ejer3.elf	0x1a0022d0	0x00000044	T	Chip_Clock_SetBaseClock
Ejer3/out/Ejer3.elf	0x1a0001a0	0x00000002	W	GPIO4_IRQHandler
Ejer3/out/Ejer3.elf	0x1a0007b8	0x00000008	T	appRun
Ejer3/out/Ejer3.elf	0x1a001684	0x0000000c	T	Board_SystemInit
