misProyectos/ejer4-template/out/ejer4-template.elf	0x1a00036c	0x00000008	t	schedulerGoToSleep
misProyectos/ejer4-template/out/ejer4-template.elf	0x1a00042c	0x00000084	t	taskMenuUpdate
misProyectos/ejer4-template/out/ejer4-template.elf	0x1a0004b0	0x00000028	t	taskBlinkLed
misProyectos/ejer4-template/out/ejer4-template.elf	0x10000000	0x000000f5	d	menu
misProyectos/ejer4-template/out/ejer4-template.elf	0x10000141	0x00000001	b	debugPrint
misProyectos/ejer4-template/out/ejer4-template.elf	0x10000142	0x00000001	b	ledState
misProyectos/ejer4-template/out/ejer4-template.elf	0x1a000708	0x00000002	t	errorOcurred
misProyectos/ejer4-template/out/ejer4-template.elf	0x1a00070c	0x00000002	t	doNothing
misProyectos/ejer4-template/out/ejer4-template.elf	0x1a002ce8	0x00000030	t	timer_sd
misProyectos/ejer4-template/out/ejer4-template.elf	0x100000f8	0x00000040	d	timer_dd
misProyectos/ejer4-template/out/ejer4-template.elf	0x10000144	0x00000011	b	result.10353
misProyectos/ejer4-template/out/ejer4-template.elf	0x1a000f2c	0x0000002c	t	gpioObtainPinConfig
misProyectos/ejer4-template/out/ejer4-template.elf	0x1a0011bc	0x00000040	t	Board_LED_Init
misProyectos/ejer4-template/out/ejer4-template.elf	0x1a002eb0	0x0000000c	t	gpioLEDBits
misProyectos/ejer4-template/out/ejer4-template.elf	0x1a002ecc	0x00000060	t	pinmuxing
misProyectos/ejer4-template/out/ejer4-template.elf	0x1a002f2c	0x0000000c	t	InitClkStates
misProyectos/ejer4-template/out/ejer4-template.elf	0x1a001494	0x0000002c	t	Chip_UART_GetIndex
misProyectos/ejer4-template/out/ejer4-template.elf	0x1a0014c0	0x00000048	t	Chip_UART_ABIntHandler
misProyectos/ejer4-template/out/ejer4-template.elf	0x1a002f38	0x00000008	t	UART_PClock
misProyectos/ejer4-template/out/ejer4-template.elf	0x1a002f40	0x00000008	t	UART_BClock
misProyectos/ejer4-template/out/ejer4-template.elf	0x10000158	0x00000001	b	ABsyncSts
misProyectos/ejer4-template/out/ejer4-template.elf	0x1a0019f4	0x00000034	t	Chip_USB_PllSetup
misProyectos/ejer4-template/out/ejer4-template.elf	0x1a002f48	0x00000014	t	usbPLLSetup
misProyectos/ejer4-template/out/ejer4-template.elf	0x1a001ab8	0x000000a8	t	pll_calc_divs
misProyectos/ejer4-template/out/ejer4-template.elf	0x1a001b60	0x00000104	t	pll_get_frac
misProyectos/ejer4-template/out/ejer4-template.elf	0x1a001c64	0x00000024	t	Chip_Clock_TestMainPLLMultiplier
misProyectos/ejer4-template/out/ejer4-template.elf	0x1a001c88	0x00000048	t	Chip_Clock_FindBaseClock
misProyectos/ejer4-template/out/ejer4-template.elf	0x1a0020b0	0x00000022	t	Chip_Clock_GetDivRate
misProyectos/ejer4-template/out/ejer4-template.elf	0x1a002f5c	0x0000006c	t	periph_to_base
misProyectos/ejer4-template/out/ejer4-template.elf	0x1000015c	0x00000008	b	audio_usb_pll_freq
misProyectos/ejer4-template/out/ejer4-template.elf	0x1a002fd4	0x00000048	t	InitClkStates
misProyectos/ejer4-template/out/ejer4-template.elf	0x1a002520	0x0000002c	t	Chip_TIMER_GetClockIndex
misProyectos/ejer4-template/out/ejer4-template.elf	0x1a080000	0x00000000	a	__top_MFlashA512
misProyectos/ejer4-template/out/ejer4-template.elf	0x1a003024	0x00000000	r	__exidx_end
misProyectos/ejer4-template/out/ejer4-template.elf	0x1a003024	0x00000000	r	_etext
misProyectos/ejer4-template/out/ejer4-template.elf	0x20008000	0x00000000	a	__top_RamAHB32
misProyectos/ejer4-template/out/ejer4-template.elf	0x1a00301c	0x00000000	t	__exidx_start
misProyectos/ejer4-template/out/ejer4-template.elf	0x20010000	0x00000000	a	__top_RamAHB_ETB16
misProyectos/ejer4-template/out/ejer4-template.elf	0x10008000	0x00000000	a	__top_RamLoc32
misProyectos/ejer4-template/out/ejer4-template.elf	0x2000c000	0x00000000	a	__top_RamAHB16
misProyectos/ejer4-template/out/ejer4-template.elf	0x1008a000	0x00000000	a	__top_RamLoc40
misProyectos/ejer4-template/out/ejer4-template.elf	0x100001ac	0x00000000	b	_pvHeapStart
misProyectos/ejer4-template/out/ejer4-template.elf	0x1b080000	0x00000000	a	__top_MFlashB512
misProyectos/ejer4-template/out/ejer4-template.elf	0x1a001d80	0x0000001c	T	Chip_Clock_GetDividerSource
misProyectos/ejer4-template/out/ejer4-template.elf	0x1a002718	0x0000002e	T	__gnu_uldivmod_helper
misProyectos/ejer4-template/out/ejer4-template.elf	0x1a000970	0x00000040	T	TIMER2_IRQHandler
misProyectos/ejer4-template/out/ejer4-template.elf	0x1a000194	0x00000002	W	DebugMon_Handler
misProyectos/ejer4-template/out/ejer4-template.elf	0x1a0001a0	0x00000002	W	RIT_IRQHandler
misProyectos/ejer4-template/out/ejer4-template.elf	0x1a00081c	0x00000040	T	Timer_DeInit
misProyectos/ejer4-template/out/ejer4-template.elf	0x1a0001a0	0x00000002	W	ADCHS_IRQHandler
misProyectos/ejer4-template/out/ejer4-template.elf	0x1a00274c	0x0000029c	T	__divdi3
misProyectos/ejer4-template/out/ejer4-template.elf	0x1a000114	0x00000000	T	__section_table_start
misProyectos/ejer4-template/out/ejer4-template.elf	0x1a0001a0	0x00000002	W	FLASH_EEPROM_IRQHandler
misProyectos/ejer4-template/out/ejer4-template.elf	0x1a000d88	0x0000008c	T	int64ToString
misProyectos/ejer4-template/out/ejer4-template.elf	0x1a0001a0	0x00000002	W	I2C0_IRQHandler
misProyectos/ejer4-template/out/ejer4-template.elf	0x1a0005b0	0x00000044	T	uartReadByte
misProyectos/ejer4-template/out/ejer4-template.elf	0x1a001a28	0x00000034	T	Chip_USB0_Init
misProyectos/ejer4-template/out/ejer4-template.elf	0x1a001598	0x00000010	T	Chip_UART_CheckBusy
misProyectos/ejer4-template/out/ejer4-template.elf	0x1a000af8	0x0000003e	T	delayRead
misProyectos/ejer4-template/out/ejer4-template.elf	0x1a000180	0x00000002	W	HardFault_Handler
misProyectos/ejer4-template/out/ejer4-template.elf	0x1a00182c	0x0000000c	T	Chip_UART_GetABEOStatus
misProyectos/ejer4-template/out/ejer4-template.elf	0x1a000000	0x00000000	A	__vectors_start__
misProyectos/ejer4-template/out/ejer4-template.elf	0x1a001940	0x00000030	T	RingBuffer_Pop
misProyectos/ejer4-template/out/ejer4-template.elf	0x1a001268	0x00000014	T	Board_UARTPutSTR
misProyectos/ejer4-template/out/ejer4-template.elf	0x1a002164	0x00000018	T	Chip_Clock_DisableBaseClock
misProyectos/ejer4-template/out/ejer4-template.elf	0x1a000be4	0x00000024	T	SysTick_Handler
misProyectos/ejer4-template/out/ejer4-template.elf	0x1a001614	0x00000044	T	Chip_UART_SetBaud
misProyectos/ejer4-template/out/ejer4-template.elf	0x1a001ef0	0x0000009c	T	Chip_Clock_SetupMainPLLMult
misProyectos/ejer4-template/out/ejer4-template.elf	0x1a000c1c	0x00000008	T	printString
misProyectos/ejer4-template/out/ejer4-template.elf	0x1a0001a0	0x00000002	W	SDIO_IRQHandler
misProyectos/ejer4-template/out/ejer4-template.elf	0x1a00124c	0x0000001c	T	Board_UARTGetChar
misProyectos/ejer4-template/out/ejer4-template.elf	0x1a0001a0	0x00000002	W	ATIMER_IRQHandler
misProyectos/ejer4-template/out/ejer4-template.elf	0x1a000e88	0x000000a4	T	uintToAsciiHex
misProyectos/ejer4-template/out/ejer4-template.elf	0x1a000198	0x00000002	W	PendSV_Handler
misProyectos/ejer4-template/out/ejer4-template.elf	0x1a00017c	0x00000002	W	NMI_Handler
misProyectos/ejer4-template/out/ejer4-template.elf	0x1a000150	0x00000000	T	__data_section_table_end
misProyectos/ejer4-template/out/ejer4-template.elf	0x1a0001a0	0x00000002	W	I2C1_IRQHandler
misProyectos/ejer4-template/out/ejer4-template.elf	0x1a0001a0	0x00000002	W	UART1_IRQHandler
misProyectos/ejer4-template/out/ejer4-template.elf	0x1a0001a0	0x00000002	W	GPIO5_IRQHandler
misProyectos/ejer4-template/out/ejer4-template.elf	0x1a0003e8	0x00000040	T	schedulerDispatchTasks
misProyectos/ejer4-template/out/ejer4-template.elf	0x1a0001a0	0x00000002	W	CAN1_IRQHandler
misProyectos/ejer4-template/out/ejer4-template.elf	0x1a00236c	0x00000014	T	Chip_Clock_EnablePLL
misProyectos/ejer4-template/out/ejer4-template.elf	0x53ff5262	0x00000000	A	__valid_user_code_checksum
misProyectos/ejer4-template/out/ejer4-template.elf	0x1a001388	0x00000028	T	Board_SSP_Init
misProyectos/ejer4-template/out/ejer4-template.elf	0x1a0001a0	0x00000002	W	USB1_IRQHandler
misProyectos/ejer4-template/out/ejer4-template.elf	0x1a0001a0	0x00000002	W	I2S0_IRQHandler
misProyectos/ejer4-template/out/ejer4-template.elf	0x1a000624	0x00000084	T	waitForReceiveStringOrTimeout
misProyectos/ejer4-template/out/ejer4-template.elf	0x1a0009b0	0x00000040	T	TIMER3_IRQHandler
misProyectos/ejer4-template/out/ejer4-template.elf	0x1a0021c0	0x0000000c	T	Chip_Clock_GetBaseClocktHz
misProyectos/ejer4-template/out/ejer4-template.elf	0x1a000178	0x00000002	T	UART0_IRQHandler
misProyectos/ejer4-template/out/ejer4-template.elf	0x1a0001c0	0x00000012	T	bss_init
misProyectos/ejer4-template/out/ejer4-template.elf	0x1a00257c	0x00000028	T	Chip_TIMER_ExtMatchControlSet
misProyectos/ejer4-template/out/ejer4-template.elf	0x1a0016fc	0x0000000e	T	Chip_UART_ReadRB
misProyectos/ejer4-template/out/ejer4-template.elf	0x1a002564	0x00000018	T	Chip_TIMER_Reset
misProyectos/ejer4-template/out/ejer4-template.elf	0x1a002c54	0x00000016	T	memcpy
misProyectos/ejer4-template/out/ejer4-template.elf	0x1a0001a0	0x00000002	W	SGPIO_IRQHandler
misProyectos/ejer4-template/out/ejer4-template.elf	0x1a002558	0x0000000c	T	Chip_TIMER_DeInit
misProyectos/ejer4-template/out/ejer4-template.elf	0x1a00232c	0x00000040	T	Chip_Clock_SetupPLL
misProyectos/ejer4-template/out/ejer4-template.elf	0x1a0026b8	0x00000000	T	__aeabi_uldivmod
misProyectos/ejer4-template/out/ejer4-template.elf	0x100001ac	0x00000000	?	_noinit
misProyectos/ejer4-template/out/ejer4-template.elf	0x1a0006e4	0x00000018	T	uartWriteString
misProyectos/ejer4-template/out/ejer4-template.elf	0x100001a8	0x00000004	B	SystemCoreClock
misProyectos/ejer4-template/out/ejer4-template.elf	0x1a001508	0x00000050	T	Chip_UART_Init
misProyectos/ejer4-template/out/ejer4-template.elf	0x1a0001a0	0x00000002	W	ADC0_IRQHandler
misProyectos/ejer4-template/out/ejer4-template.elf	0x1a0018b0	0x00000090	T	RingBuffer_InsertMult
misProyectos/ejer4-template/out/ejer4-template.elf	0x1a000ad8	0x00000020	T	delayConfig
misProyectos/ejer4-template/out/ejer4-template.elf	0x1a000c58	0x00000022	T	printUIntFormat
misProyectos/ejer4-template/out/ejer4-template.elf	0x1a00018c	0x00000002	W	UsageFault_Handler
misProyectos/ejer4-template/out/ejer4-template.elf	0x1a0022b0	0x0000004c	T	Chip_Clock_GetRate
misProyectos/ejer4-template/out/ejer4-template.elf	0x1a0001a0	0x00000002	W	GPIO6_IRQHandler
misProyectos/ejer4-template/out/ejer4-template.elf	0x10000198	0x00000008	B	tickCounter
misProyectos/ejer4-template/out/ejer4-template.elf	0x1a001414	0x00000074	T	Board_SetupClocking
misProyectos/ejer4-template/out/ejer4-template.elf	0x1a002518	0x00000008	T	Chip_SystemInit
misProyectos/ejer4-template/out/ejer4-template.elf	0x1a002ec8	0x00000004	T	ExtRateIn
misProyectos/ejer4-template/out/ejer4-template.elf	0x1a0001a0	0x00000002	W	IntDefaultHandler
misProyectos/ejer4-template/out/ejer4-template.elf	0x1a000300	0x00000000	T	__CRP_WORD_END__
misProyectos/ejer4-template/out/ejer4-template.elf	0x1a000bd8	0x0000000c	T	tickWrite
misProyectos/ejer4-template/out/ejer4-template.elf	0x1a002600	0x00000002	T	Chip_GPIO_DeInit
misProyectos/ejer4-template/out/ejer4-template.elf	0x1a000374	0x00000040	T	schedulerAddTask
misProyectos/ejer4-template/out/ejer4-template.elf	0x1a0001a0	0x00000002	W	GPIO1_IRQHandler
misProyectos/ejer4-template/out/ejer4-template.elf	0x1a000b54	0x00000078	T	tickConfig
misProyectos/ejer4-template/out/ejer4-template.elf	0x1a001a5c	0x00000048	T	Chip_USB1_Init
misProyectos/ejer4-template/out/ejer4-template.elf	0x1a0001a0	0x00000002	W	SSP0_IRQHandler
misProyectos/ejer4-template/out/ejer4-template.elf	0x1a000f58	0x0000019c	T	gpioConfig
misProyectos/ejer4-template/out/ejer4-template.elf	0x1a0002fc	0x00000004	T	CRP_WORD
misProyectos/ejer4-template/out/ejer4-template.elf	0x1a002504	0x00000014	T	Chip_SetupIrcClocking
misProyectos/ejer4-template/out/ejer4-template.elf	0x1a0029e8	0x0000026a	T	__udivdi3
misProyectos/ejer4-template/out/ejer4-template.elf	0x1a0001a0	0x00000002	W	ADC1_IRQHandler
misProyectos/ejer4-template/out/ejer4-template.elf	0x10000140	0x00000001	B	errorCode
misProyectos/ejer4-template/out/ejer4-template.elf	0x1a001880	0x00000030	T	RingBuffer_Insert
misProyectos/ejer4-template/out/ejer4-template.elf	0x1a001310	0x00000028	T	Board_Init
misProyectos/ejer4-template/out/ejer4-template.elf	0x1a000114	0x00000000	T	__data_section_table
misProyectos/ejer4-template/out/ejer4-template.elf	0x1a0001a0	0x00000002	W	RTC_IRQHandler
misProyectos/ejer4-template/out/ejer4-template.elf	0x100001ac	0x00000000	B	_ebss
misProyectos/ejer4-template/out/ejer4-template.elf	0x1a0008f8	0x0000003c	T	TIMER0_IRQHandler
misProyectos/ejer4-template/out/ejer4-template.elf	0x1a0001a0	0x00000002	W	SPI_IRQHandler
misProyectos/ejer4-template/out/ejer4-template.elf	0x1a0001a0	0x00000002	W	LCD_IRQHandler
misProyectos/ejer4-template/out/ejer4-template.elf	0x1a001cd0	0x0000004c	T	Chip_Clock_EnableCrystal
misProyectos/ejer4-template/out/ejer4-template.elf	0x1a000c98	0x000000ee	T	boardConfig
misProyectos/ejer4-template/out/ejer4-template.elf	0x1a0001a4	0x0000001a	T	data_init
misProyectos/ejer4-template/out/ejer4-template.elf	0x1a000934	0x0000003c	T	TIMER1_IRQHandler
misProyectos/ejer4-template/out/ejer4-template.elf	0x1a001d2c	0x00000054	T	Chip_Clock_SetDivider
misProyectos/ejer4-template/out/ejer4-template.elf	0x1a0006fc	0x00000002	T	UART2_IRQHandler
misProyectos/ejer4-template/out/ejer4-template.elf	0x1a000c24	0x00000010	T	printEnter
misProyectos/ejer4-template/out/ejer4-template.elf	0x1a002048	0x00000068	T	Chip_Clock_GetMainPLLHz
misProyectos/ejer4-template/out/ejer4-template.elf	0x1a001558	0x0000001c	T	Chip_UART_DeInit
misProyectos/ejer4-template/out/ejer4-template.elf	0x1a000704	0x00000004	T	sAPI_NullFuncPtr
misProyectos/ejer4-template/out/ejer4-template.elf	0x1a0005f4	0x00000030	T	uartWriteByte
misProyectos/ejer4-template/out/ejer4-template.elf	0x1a0011a4	0x00000016	T	gpioToggle
misProyectos/ejer4-template/out/ejer4-template.elf	0x1a0001a0	0x00000002	W	GPIO2_IRQHandler
misProyectos/ejer4-template/out/ejer4-template.elf	0x1a001d1c	0x00000010	T	Chip_Clock_DisableCrystal
misProyectos/ejer4-template/out/ejer4-template.elf	0x1a002288	0x00000014	T	Chip_Clock_StartPowerDown
misProyectos/ejer4-template/out/ejer4-template.elf	0x1a000710	0x0000010c	T	Timer_Init
misProyectos/ejer4-template/out/ejer4-template.elf	0x1a00035c	0x00000010	T	schedulerStart
misProyectos/ejer4-template/out/ejer4-template.elf	0x1a00085c	0x00000008	T	Timer_microsecondsToTicks
misProyectos/ejer4-template/out/ejer4-template.elf	0x1a00219c	0x00000024	T	Chip_Clock_GetBaseClock
misProyectos/ejer4-template/out/ejer4-template.elf	0x1a002394	0x0000000c	T	Chip_Clock_GetPLLStatus
misProyectos/ejer4-template/out/ejer4-template.elf	0x1a001658	0x00000024	T	Chip_UART_RXIntHandlerRB
misProyectos/ejer4-template/out/ejer4-template.elf	0x1a0016b8	0x00000042	T	Chip_UART_SendRB
misProyectos/ejer4-template/out/ejer4-template.elf	0x10000140	0x00000000	B	_bss
misProyectos/ejer4-template/out/ejer4-template.elf	0x1a0001a0	0x00000002	W	I2S1_IRQHandler
misProyectos/ejer4-template/out/ejer4-template.elf	0x1a0003b4	0x00000034	T	schedulerDeleteTask
misProyectos/ejer4-template/out/ejer4-template.elf	0x1a001f8c	0x000000bc	T	Chip_Clock_SetupMainPLLHz
misProyectos/ejer4-template/out/ejer4-template.elf	0x1a0025fc	0x00000002	T	Chip_GPIO_Init
misProyectos/ejer4-template/out/ejer4-template.elf	0x1a002ec4	0x00000004	T	OscRateIn
misProyectos/ejer4-template/out/ejer4-template.elf	0x1a001338	0x00000024	T	Board_I2C_Init
misProyectos/ejer4-template/out/ejer4-template.elf	0x100001ac	0x00000000	?	_end_noinit
misProyectos/ejer4-template/out/ejer4-template.elf	0x10008000	0x00000000	A	_vStackTop
misProyectos/ejer4-template/out/ejer4-template.elf	0x1a0012ec	0x00000024	T	Board_ENET_GetMacADDR
misProyectos/ejer4-template/out/ejer4-template.elf	0x1a0009f0	0x00000052	T	delayInaccurate
misProyectos/ejer4-template/out/ejer4-template.elf	0x1a0001a0	0x00000002	W	SSP1_IRQHandler
misProyectos/ejer4-template/out/ejer4-template.elf	0x1a00254c	0x0000000c	T	Chip_TIMER_Init
misProyectos/ejer4-template/out/ejer4-template.elf	0x1a00217c	0x00000020	T	Chip_Clock_IsBaseClockEnabled
misProyectos/ejer4-template/out/ejer4-template.elf	0x1a000178	0x00000000	T	__bss_section_table_end
misProyectos/ejer4-template/out/ejer4-template.elf	0x1a002118	0x00000034	T	Chip_Clock_GetBaseClockOpts
misProyectos/ejer4-template/out/ejer4-template.elf	0x1a000548	0x00000004	T	sleepUntilNextInterrupt
misProyectos/ejer4-template/out/ejer4-template.elf	0x1a002748	0x00000002	W	__aeabi_ldiv0
misProyectos/ejer4-template/out/ejer4-template.elf	0x1a001970	0x00000082	T	RingBuffer_PopMult
misProyectos/ejer4-template/out/ejer4-template.elf	0x1a0001a0	0x00000002	W	USB0_IRQHandler
misProyectos/ejer4-template/out/ejer4-template.elf	0x1a002254	0x00000034	T	Chip_Clock_Disable
misProyectos/ejer4-template/out/ejer4-template.elf	0x1a0001a0	0x00000002	W	GPIO3_IRQHandler
misProyectos/ejer4-template/out/ejer4-template.elf	0x1a00089c	0x00000044	T	Timer_DisableCompareMatch
misProyectos/ejer4-template/out/ejer4-template.elf	0x1a001238	0x00000014	T	Board_UARTPutChar
misProyectos/ejer4-template/out/ejer4-template.elf	0x1a001574	0x00000022	T	Chip_UART_Send
misProyectos/ejer4-template/out/ejer4-template.elf	0x1a0001a0	0x00000002	W	SCT_IRQHandler
misProyectos/ejer4-template/out/ejer4-template.elf	0x1a0022fc	0x00000030	T	Chip_Clock_GetEMCRate
misProyectos/ejer4-template/out/ejer4-template.elf	0x1a000e14	0x00000074	T	uint64ToString
misProyectos/ejer4-template/out/ejer4-template.elf	0x1a00170c	0x00000036	T	Chip_UART_IRQRBHandler
misProyectos/ejer4-template/out/ejer4-template.elf	0x1a001d9c	0x0000001c	T	Chip_Clock_GetDividerDivisor
misProyectos/ejer4-template/out/ejer4-template.elf	0x1a0002fc	0x00000000	T	__CRP_WORD_START__
misProyectos/ejer4-template/out/ejer4-template.elf	0x1a002c6a	0x00000010	T	memset
misProyectos/ejer4-template/out/ejer4-template.elf	0x1a000184	0x00000002	W	MemManage_Handler
misProyectos/ejer4-template/out/ejer4-template.elf	0x1a0004d8	0x00000070	T	main
misProyectos/ejer4-template/out/ejer4-template.elf	0x1a0015cc	0x00000022	T	Chip_UART_Read
misProyectos/ejer4-template/out/ejer4-template.elf	0x1a0001a0	0x00000002	W	WDT_IRQHandler
misProyectos/ejer4-template/out/ejer4-template.elf	0x1a000190	0x00000002	W	SVC_Handler
misProyectos/ejer4-template/out/ejer4-template.elf	0x1a000300	0x0000003c	T	schedulerUpdate
misProyectos/ejer4-template/out/ejer4-template.elf	0x1a000864	0x00000038	T	Timer_EnableCompareMatch
misProyectos/ejer4-template/out/ejer4-template.elf	0x1a0024f0	0x00000014	T	Chip_SetupXtalClocking
misProyectos/ejer4-template/out/ejer4-template.elf	0x1a0012d4	0x00000016	T	Board_LED_Toggle
misProyectos/ejer4-template/out/ejer4-template.elf	0x1a0001a0	0x00000002	W	GPIO7_IRQHandler
misProyectos/ejer4-template/out/ejer4-template.elf	0x1a0021cc	0x0000003c	T	Chip_Clock_EnableOpts
misProyectos/ejer4-template/out/ejer4-template.elf	0x1a002d78	0x00000136	T	gpioPinsConfig
misProyectos/ejer4-template/out/ejer4-template.elf	0x1a001db8	0x000000b8	T	Chip_Clock_GetClockInputHz
misProyectos/ejer4-template/out/ejer4-template.elf	0x1a0025a4	0x00000058	T	fpuInit
misProyectos/ejer4-template/out/ejer4-template.elf	0x1a0012a4	0x00000030	T	Board_LED_Test
misProyectos/ejer4-template/out/ejer4-template.elf	0x1a001e70	0x00000080	T	Chip_Clock_CalcMainPLLValue
misProyectos/ejer4-template/out/ejer4-template.elf	0x1a0013c4	0x0000001c	T	SystemInit
misProyectos/ejer4-template/out/ejer4-template.elf	0x1a0001a0	0x00000002	W	SPIFI_IRQHandler
misProyectos/ejer4-template/out/ejer4-template.elf	0x1a000aa0	0x00000038	T	delay
misProyectos/ejer4-template/out/ejer4-template.elf	0x1a0001a0	0x00000002	W	QEI_IRQHandler
misProyectos/ejer4-template/out/ejer4-template.elf	0x1a000150	0x00000000	T	__bss_section_table
misProyectos/ejer4-template/out/ejer4-template.elf	0x1a00223c	0x00000018	T	Chip_Clock_RTCEnable
misProyectos/ejer4-template/out/ejer4-template.elf	0x1a0010f4	0x00000058	T	gpioWrite
misProyectos/ejer4-template/out/ejer4-template.elf	0x1a0015a8	0x00000024	T	Chip_UART_SendBlocking
misProyectos/ejer4-template/out/ejer4-template.elf	0x1a0013e0	0x00000034	T	Board_SetupMuxing
misProyectos/ejer4-template/out/ejer4-template.elf	0x1a001744	0x000000e8	T	Chip_UART_SetBaudFDR
misProyectos/ejer4-template/out/ejer4-template.elf	0x1a000bcc	0x0000000c	T	tickRead
misProyectos/ejer4-template/out/ejer4-template.elf	0x100001a0	0x00000008	B	tickRateMS
misProyectos/ejer4-template/out/ejer4-template.elf	0x1a0001a0	0x00000002	W	ETH_IRQHandler
misProyectos/ejer4-template/out/ejer4-template.elf	0x10000138	0x00000004	D	tickHookFunction
misProyectos/ejer4-template/out/ejer4-template.elf	0x10000000	0x00000000	?	_end_uninit_RESERVED
misProyectos/ejer4-template/out/ejer4-template.elf	0x1a0006a8	0x0000003a	T	waitForReceiveStringOrTimeoutBlocking
misProyectos/ejer4-template/out/ejer4-template.elf	0x1a0001a0	0x00000002	W	CAN0_IRQHandler
misProyectos/ejer4-template/out/ejer4-template.elf	0x1a000c7c	0x0000001a	T	printHex
misProyectos/ejer4-template/out/ejer4-template.elf	0x10000000	0x00000000	D	_data
misProyectos/ejer4-template/out/ejer4-template.elf	0x1a000178	0x00000000	T	__section_table_end
misProyectos/ejer4-template/out/ejer4-template.elf	0x1a000c34	0x00000022	T	printIntFormat
misProyectos/ejer4-template/out/ejer4-template.elf	0x1a00054c	0x00000064	T	uartConfig
misProyectos/ejer4-template/out/ejer4-template.elf	0x1a0001a0	0x00000002	W	GINT0_IRQHandler
misProyectos/ejer4-template/out/ejer4-template.elf	0x1a0001a0	0x00000002	W	DAC_IRQHandler
misProyectos/ejer4-template/out/ejer4-template.elf	0x1a001210	0x00000028	T	Board_Debug_Init
misProyectos/ejer4-template/out/ejer4-template.elf	0x1000013c	0x00000000	D	_edata
misProyectos/ejer4-template/out/ejer4-template.elf	0x1a0001a0	0x00000002	W	M0SUB_IRQHandler
misProyectos/ejer4-template/out/ejer4-template.elf	0x1a001838	0x00000038	T	Chip_UART_ABCmd
misProyectos/ejer4-template/out/ejer4-template.elf	0x1a000428	0x00000002	T	schedulerReportStatus
misProyectos/ejer4-template/out/ejer4-template.elf	0x1a0023a0	0x00000150	T	Chip_SetupCoreClock
misProyectos/ejer4-template/out/ejer4-template.elf	0x1a0001a0	0x00000002	W	GPIO0_IRQHandler
misProyectos/ejer4-template/out/ejer4-template.elf	0x1a00135c	0x0000002c	T	Board_SDMMC_Init
misProyectos/ejer4-template/out/ejer4-template.elf	0x1a000000	0x00000114	T	g_pfnVectors
misProyectos/ejer4-template/out/ejer4-template.elf	0x1a002604	0x0000007c	T	ResetISR
misProyectos/ejer4-template/out/ejer4-template.elf	0x1a001aa4	0x00000014	T	SystemCoreClockUpdate
misProyectos/ejer4-template/out/ejer4-template.elf	0x1a0013b0	0x00000014	T	Board_DAC_Init
misProyectos/ejer4-template/out/ejer4-template.elf	0x1a000c0c	0x0000000e	T	printConfigUart
misProyectos/ejer4-template/out/ejer4-template.elf	0x1a0001a0	0x00000002	W	DMA_IRQHandler
misProyectos/ejer4-template/out/ejer4-template.elf	0x1a0001a0	0x00000002	W	EVRT_IRQHandler
misProyectos/ejer4-template/out/ejer4-template.elf	0x1a001870	0x00000010	T	RingBuffer_Init
misProyectos/ejer4-template/out/ejer4-template.elf	0x1a000a44	0x0000005a	T	delayInaccurateUs
misProyectos/ejer4-template/out/ejer4-template.elf	0x1a002748	0x00000002	W	__aeabi_idiv0
misProyectos/ejer4-template/out/ejer4-template.elf	0x1a002380	0x00000014	T	Chip_Clock_DisablePLL
misProyectos/ejer4-template/out/ejer4-template.elf	0x1a000c08	0x00000004	T	printSetUart
misProyectos/ejer4-template/out/ejer4-template.elf	0x1a00229c	0x00000014	T	Chip_Clock_ClearPowerDown
misProyectos/ejer4-template/out/ejer4-template.elf	0x1a00167c	0x0000003a	T	Chip_UART_TXIntHandlerRB
misProyectos/ejer4-template/out/ejer4-template.elf	0x1a000188	0x00000002	W	BusFault_Handler
misProyectos/ejer4-template/out/ejer4-template.elf	0x1a002208	0x00000034	T	Chip_Clock_Enable
misProyectos/ejer4-template/out/ejer4-template.elf	0x1a000700	0x00000002	T	UART3_IRQHandler
misProyectos/ejer4-template/out/ejer4-template.elf	0x1a000b38	0x0000001c	T	delayWrite
misProyectos/ejer4-template/out/ejer4-template.elf	0x1a0001a0	0x00000002	W	MCPWM_IRQHandler
misProyectos/ejer4-template/out/ejer4-template.elf	0x1a0026e8	0x0000002e	T	__gnu_ldivmod_helper
misProyectos/ejer4-template/out/ejer4-template.elf	0x1a00127c	0x00000028	T	Board_LED_Set
misProyectos/ejer4-template/out/ejer4-template.elf	0x1a0001a0	0x00000002	W	M0APP_IRQHandler
misProyectos/ejer4-template/out/ejer4-template.elf	0x1a00114c	0x00000058	T	gpioRead
misProyectos/ejer4-template/out/ejer4-template.elf	0x10000164	0x00000030	B	schedulerTasks
misProyectos/ejer4-template/out/ejer4-template.elf	0x1a0001a0	0x00000002	W	GINT1_IRQHandler
misProyectos/ejer4-template/out/ejer4-template.elf	0x1a00033c	0x00000020	T	schedulerInit
misProyectos/ejer4-template/out/ejer4-template.elf	0x1a002680	0x00000000	T	__aeabi_ldivmod
misProyectos/ejer4-template/out/ejer4-template.elf	0x1a0008e0	0x00000018	T	Timer_SetCompareMatch
misProyectos/ejer4-template/out/ejer4-template.elf	0x1a0015f0	0x00000024	T	Chip_UART_ReadBlocking
misProyectos/ejer4-template/out/ejer4-template.elf	0x1a0011fc	0x00000014	T	Board_UART_Init
misProyectos/ejer4-template/out/ejer4-template.elf	0x1a00214c	0x00000018	T	Chip_Clock_EnableBaseClock
misProyectos/ejer4-template/out/ejer4-template.elf	0x1a0020d4	0x00000044	T	Chip_Clock_SetBaseClock
misProyectos/ejer4-template/out/ejer4-template.elf	0x1a0001a0	0x00000002	W	GPIO4_IRQHandler
misProyectos/ejer4-template/out/ejer4-template.elf	0x1a001488	0x0000000c	T	Board_SystemInit
