Ejercicios4/LuisChico/out/LuisChico.elf	0x1a00036c	0x00000008	t	schedulerGoToSleep
Ejercicios4/LuisChico/out/LuisChico.elf	0x1a00042c	0x00000078	t	taskMenuUpdate
Ejercicios4/LuisChico/out/LuisChico.elf	0x1a0004a4	0x00000028	t	taskBlinkLed
Ejercicios4/LuisChico/out/LuisChico.elf	0x10000000	0x000000f5	d	menu
Ejercicios4/LuisChico/out/LuisChico.elf	0x10000141	0x00000001	b	debugPrint
Ejercicios4/LuisChico/out/LuisChico.elf	0x10000142	0x00000001	b	ledState
Ejercicios4/LuisChico/out/LuisChico.elf	0x10000148	0x00000011	b	result.10353
Ejercicios4/LuisChico/out/LuisChico.elf	0x1a000a08	0x0000002c	t	gpioObtainPinConfig
Ejercicios4/LuisChico/out/LuisChico.elf	0x1a000de0	0x00000002	t	errorOcurred
Ejercicios4/LuisChico/out/LuisChico.elf	0x1a000de4	0x00000002	t	doNothing
Ejercicios4/LuisChico/out/LuisChico.elf	0x1a002f44	0x00000030	t	timer_sd
Ejercicios4/LuisChico/out/LuisChico.elf	0x100000fc	0x00000040	d	timer_dd
Ejercicios4/LuisChico/out/LuisChico.elf	0x1a001280	0x00000040	t	Board_LED_Init
Ejercicios4/LuisChico/out/LuisChico.elf	0x1a002f74	0x0000000c	t	gpioLEDBits
Ejercicios4/LuisChico/out/LuisChico.elf	0x1a002f90	0x00000060	t	pinmuxing
Ejercicios4/LuisChico/out/LuisChico.elf	0x1a002ff0	0x0000000c	t	InitClkStates
Ejercicios4/LuisChico/out/LuisChico.elf	0x1a001558	0x00000034	t	Chip_USB_PllSetup
Ejercicios4/LuisChico/out/LuisChico.elf	0x1a002ffc	0x00000014	t	usbPLLSetup
Ejercicios4/LuisChico/out/LuisChico.elf	0x1a00161c	0x000000a8	t	pll_calc_divs
Ejercicios4/LuisChico/out/LuisChico.elf	0x1a0016c4	0x00000104	t	pll_get_frac
Ejercicios4/LuisChico/out/LuisChico.elf	0x1a0017c8	0x00000024	t	Chip_Clock_TestMainPLLMultiplier
Ejercicios4/LuisChico/out/LuisChico.elf	0x1a0017ec	0x00000048	t	Chip_Clock_FindBaseClock
Ejercicios4/LuisChico/out/LuisChico.elf	0x1a001c14	0x00000022	t	Chip_Clock_GetDivRate
Ejercicios4/LuisChico/out/LuisChico.elf	0x1a003010	0x0000006c	t	periph_to_base
Ejercicios4/LuisChico/out/LuisChico.elf	0x1000015c	0x00000008	b	audio_usb_pll_freq
Ejercicios4/LuisChico/out/LuisChico.elf	0x1a003088	0x00000048	t	InitClkStates
Ejercicios4/LuisChico/out/LuisChico.elf	0x1a002268	0x0000002c	t	Chip_TIMER_GetClockIndex
Ejercicios4/LuisChico/out/LuisChico.elf	0x1a0022ec	0x0000002c	t	Chip_UART_GetIndex
Ejercicios4/LuisChico/out/LuisChico.elf	0x1a002318	0x00000048	t	Chip_UART_ABIntHandler
Ejercicios4/LuisChico/out/LuisChico.elf	0x1a0030d0	0x00000008	t	UART_PClock
Ejercicios4/LuisChico/out/LuisChico.elf	0x1a0030d8	0x00000008	t	UART_BClock
Ejercicios4/LuisChico/out/LuisChico.elf	0x10000164	0x00000001	b	ABsyncSts
Ejercicios4/LuisChico/out/LuisChico.elf	0x1a080000	0x00000000	a	__top_MFlashA512
Ejercicios4/LuisChico/out/LuisChico.elf	0x1a0030e8	0x00000000	r	__exidx_end
Ejercicios4/LuisChico/out/LuisChico.elf	0x1a0030e8	0x00000000	r	_etext
Ejercicios4/LuisChico/out/LuisChico.elf	0x20008000	0x00000000	a	__top_RamAHB32
Ejercicios4/LuisChico/out/LuisChico.elf	0x1a0030e0	0x00000000	t	__exidx_start
Ejercicios4/LuisChico/out/LuisChico.elf	0x20010000	0x00000000	a	__top_RamAHB_ETB16
Ejercicios4/LuisChico/out/LuisChico.elf	0x10008000	0x00000000	a	__top_RamLoc32
Ejercicios4/LuisChico/out/LuisChico.elf	0x2000c000	0x00000000	a	__top_RamAHB16
Ejercicios4/LuisChico/out/LuisChico.elf	0x1008a000	0x00000000	a	__top_RamLoc40
Ejercicios4/LuisChico/out/LuisChico.elf	0x100001c4	0x00000000	b	_pvHeapStart
Ejercicios4/LuisChico/out/LuisChico.elf	0x1b080000	0x00000000	a	__top_MFlashB512
Ejercicios4/LuisChico/out/LuisChico.elf	0x1a0018e4	0x0000001c	T	Chip_Clock_GetDividerSource
Ejercicios4/LuisChico/out/LuisChico.elf	0x1a0027dc	0x0000002e	T	__gnu_uldivmod_helper
Ejercicios4/LuisChico/out/LuisChico.elf	0x1a001048	0x00000040	T	TIMER2_IRQHandler
Ejercicios4/LuisChico/out/LuisChico.elf	0x1a000194	0x00000002	W	DebugMon_Handler
Ejercicios4/LuisChico/out/LuisChico.elf	0x1a0001a0	0x00000002	W	RIT_IRQHandler
Ejercicios4/LuisChico/out/LuisChico.elf	0x1a000ef4	0x00000040	T	Timer_DeInit
Ejercicios4/LuisChico/out/LuisChico.elf	0x1a0001a0	0x00000002	W	ADCHS_IRQHandler
Ejercicios4/LuisChico/out/LuisChico.elf	0x1a002810	0x0000029c	T	__divdi3
Ejercicios4/LuisChico/out/LuisChico.elf	0x1a000114	0x00000000	T	__section_table_start
Ejercicios4/LuisChico/out/LuisChico.elf	0x1a0001a0	0x00000002	W	FLASH_EEPROM_IRQHandler
Ejercicios4/LuisChico/out/LuisChico.elf	0x1a0006fc	0x0000008c	T	int64ToString
Ejercicios4/LuisChico/out/LuisChico.elf	0x1a0001a0	0x00000002	W	I2C0_IRQHandler
Ejercicios4/LuisChico/out/LuisChico.elf	0x1a00112c	0x00000044	T	uartReadByte
Ejercicios4/LuisChico/out/LuisChico.elf	0x1a00158c	0x00000034	T	Chip_USB0_Init
Ejercicios4/LuisChico/out/LuisChico.elf	0x10000143	0x00000001	B	RXIndex_lectura
Ejercicios4/LuisChico/out/LuisChico.elf	0x1a0023f0	0x00000010	T	Chip_UART_CheckBusy
Ejercicios4/LuisChico/out/LuisChico.elf	0x1a0009ac	0x0000003e	T	delayRead
Ejercicios4/LuisChico/out/LuisChico.elf	0x1a000180	0x00000002	W	HardFault_Handler
Ejercicios4/LuisChico/out/LuisChico.elf	0x1a002684	0x0000000c	T	Chip_UART_GetABEOStatus
Ejercicios4/LuisChico/out/LuisChico.elf	0x1a000000	0x00000000	A	__vectors_start__
Ejercicios4/LuisChico/out/LuisChico.elf	0x1a002034	0x00000030	T	RingBuffer_Pop
Ejercicios4/LuisChico/out/LuisChico.elf	0x1a00132c	0x00000014	T	Board_UARTPutSTR
Ejercicios4/LuisChico/out/LuisChico.elf	0x1a001cc8	0x00000018	T	Chip_Clock_DisableBaseClock
Ejercicios4/LuisChico/out/LuisChico.elf	0x1a000dbc	0x00000024	T	SysTick_Handler
Ejercicios4/LuisChico/out/LuisChico.elf	0x1a00246c	0x00000044	T	Chip_UART_SetBaud
Ejercicios4/LuisChico/out/LuisChico.elf	0x1a001a54	0x0000009c	T	Chip_Clock_SetupMainPLLMult
Ejercicios4/LuisChico/out/LuisChico.elf	0x1a000cac	0x00000008	T	printString
Ejercicios4/LuisChico/out/LuisChico.elf	0x1a0001a0	0x00000002	W	SDIO_IRQHandler
Ejercicios4/LuisChico/out/LuisChico.elf	0x1a001310	0x0000001c	T	Board_UARTGetChar
Ejercicios4/LuisChico/out/LuisChico.elf	0x1a0001a0	0x00000002	W	ATIMER_IRQHandler
Ejercicios4/LuisChico/out/LuisChico.elf	0x1a0007fc	0x000000a4	T	uintToAsciiHex
Ejercicios4/LuisChico/out/LuisChico.elf	0x1a000198	0x00000002	W	PendSV_Handler
Ejercicios4/LuisChico/out/LuisChico.elf	0x1a00017c	0x00000002	W	NMI_Handler
Ejercicios4/LuisChico/out/LuisChico.elf	0x1a000150	0x00000000	T	__data_section_table_end
Ejercicios4/LuisChico/out/LuisChico.elf	0x1a0001a0	0x00000002	W	I2C1_IRQHandler
Ejercicios4/LuisChico/out/LuisChico.elf	0x10000145	0x00000001	B	TXIndex_lectura
Ejercicios4/LuisChico/out/LuisChico.elf	0x1a0001a0	0x00000002	W	UART1_IRQHandler
Ejercicios4/LuisChico/out/LuisChico.elf	0x1a0001a0	0x00000002	W	GPIO5_IRQHandler
Ejercicios4/LuisChico/out/LuisChico.elf	0x1a0003e8	0x00000040	T	schedulerDispatchTasks
Ejercicios4/LuisChico/out/LuisChico.elf	0x1a0001a0	0x00000002	W	CAN1_IRQHandler
Ejercicios4/LuisChico/out/LuisChico.elf	0x1a001ed0	0x00000014	T	Chip_Clock_EnablePLL
Ejercicios4/LuisChico/out/LuisChico.elf	0x53ff519e	0x00000000	A	__valid_user_code_checksum
Ejercicios4/LuisChico/out/LuisChico.elf	0x1a00144c	0x00000028	T	Board_SSP_Init
Ejercicios4/LuisChico/out/LuisChico.elf	0x1a0001a0	0x00000002	W	USB1_IRQHandler
Ejercicios4/LuisChico/out/LuisChico.elf	0x1a0001a0	0x00000002	W	I2S0_IRQHandler
Ejercicios4/LuisChico/out/LuisChico.elf	0x1a0011a0	0x00000084	T	waitForReceiveStringOrTimeout
Ejercicios4/LuisChico/out/LuisChico.elf	0x1a001088	0x00000040	T	TIMER3_IRQHandler
Ejercicios4/LuisChico/out/LuisChico.elf	0x1a001d24	0x0000000c	T	Chip_Clock_GetBaseClocktHz
Ejercicios4/LuisChico/out/LuisChico.elf	0x1a000178	0x00000002	T	UART0_IRQHandler
Ejercicios4/LuisChico/out/LuisChico.elf	0x1a0001c0	0x00000012	T	bss_init
Ejercicios4/LuisChico/out/LuisChico.elf	0x1a0022c4	0x00000028	T	Chip_TIMER_ExtMatchControlSet
Ejercicios4/LuisChico/out/LuisChico.elf	0x1a002554	0x0000000e	T	Chip_UART_ReadRB
Ejercicios4/LuisChico/out/LuisChico.elf	0x1a0022ac	0x00000018	T	Chip_TIMER_Reset
Ejercicios4/LuisChico/out/LuisChico.elf	0x1a002d18	0x00000016	T	memcpy
Ejercicios4/LuisChico/out/LuisChico.elf	0x1a0001a0	0x00000002	W	SGPIO_IRQHandler
Ejercicios4/LuisChico/out/LuisChico.elf	0x1a0022a0	0x0000000c	T	Chip_TIMER_DeInit
Ejercicios4/LuisChico/out/LuisChico.elf	0x1a001e90	0x00000040	T	Chip_Clock_SetupPLL
Ejercicios4/LuisChico/out/LuisChico.elf	0x1a00277c	0x00000000	T	__aeabi_uldivmod
Ejercicios4/LuisChico/out/LuisChico.elf	0x100001c4	0x00000000	?	_noinit
Ejercicios4/LuisChico/out/LuisChico.elf	0x1a001260	0x00000018	T	uartWriteString
Ejercicios4/LuisChico/out/LuisChico.elf	0x100001c0	0x00000004	B	SystemCoreClock
Ejercicios4/LuisChico/out/LuisChico.elf	0x1a002360	0x00000050	T	Chip_UART_Init
Ejercicios4/LuisChico/out/LuisChico.elf	0x1a0001a0	0x00000002	W	ADC0_IRQHandler
Ejercicios4/LuisChico/out/LuisChico.elf	0x1a001fa4	0x00000090	T	RingBuffer_InsertMult
Ejercicios4/LuisChico/out/LuisChico.elf	0x1a00098c	0x00000020	T	delayConfig
Ejercicios4/LuisChico/out/LuisChico.elf	0x1a000ce8	0x00000022	T	printUIntFormat
Ejercicios4/LuisChico/out/LuisChico.elf	0x1a00018c	0x00000002	W	UsageFault_Handler
Ejercicios4/LuisChico/out/LuisChico.elf	0x1a001e14	0x0000004c	T	Chip_Clock_GetRate
Ejercicios4/LuisChico/out/LuisChico.elf	0x1a0001a0	0x00000002	W	GPIO6_IRQHandler
Ejercicios4/LuisChico/out/LuisChico.elf	0x100001b0	0x00000008	B	tickCounter
Ejercicios4/LuisChico/out/LuisChico.elf	0x1a0014bc	0x00000074	T	Board_SetupClocking
Ejercicios4/LuisChico/out/LuisChico.elf	0x1a002260	0x00000008	T	Chip_SystemInit
Ejercicios4/LuisChico/out/LuisChico.elf	0x1a002f8c	0x00000004	T	ExtRateIn
Ejercicios4/LuisChico/out/LuisChico.elf	0x1a0001a0	0x00000002	W	IntDefaultHandler
Ejercicios4/LuisChico/out/LuisChico.elf	0x1a000300	0x00000000	T	__CRP_WORD_END__
Ejercicios4/LuisChico/out/LuisChico.elf	0x1a000db0	0x0000000c	T	tickWrite
Ejercicios4/LuisChico/out/LuisChico.elf	0x1a001f60	0x00000002	T	Chip_GPIO_DeInit
Ejercicios4/LuisChico/out/LuisChico.elf	0x1a000578	0x00000060	T	UpdateRxTx
Ejercicios4/LuisChico/out/LuisChico.elf	0x1a000374	0x00000040	T	schedulerAddTask
Ejercicios4/LuisChico/out/LuisChico.elf	0x1a0001a0	0x00000002	W	GPIO1_IRQHandler
Ejercicios4/LuisChico/out/LuisChico.elf	0x1a000d2c	0x00000078	T	tickConfig
Ejercicios4/LuisChico/out/LuisChico.elf	0x1a0015c0	0x00000048	T	Chip_USB1_Init
Ejercicios4/LuisChico/out/LuisChico.elf	0x1a0001a0	0x00000002	W	SSP0_IRQHandler
Ejercicios4/LuisChico/out/LuisChico.elf	0x1a000a34	0x0000019c	T	gpioConfig
Ejercicios4/LuisChico/out/LuisChico.elf	0x1a0002fc	0x00000004	T	CRP_WORD
Ejercicios4/LuisChico/out/LuisChico.elf	0x1a00224c	0x00000014	T	Chip_SetupIrcClocking
Ejercicios4/LuisChico/out/LuisChico.elf	0x1a0005f4	0x00000018	T	Write_String_To_Buffer
Ejercicios4/LuisChico/out/LuisChico.elf	0x1a002aac	0x0000026a	T	__udivdi3
Ejercicios4/LuisChico/out/LuisChico.elf	0x1a0001a0	0x00000002	W	ADC1_IRQHandler
Ejercicios4/LuisChico/out/LuisChico.elf	0x10000140	0x00000001	B	errorCode
Ejercicios4/LuisChico/out/LuisChico.elf	0x1a001f74	0x00000030	T	RingBuffer_Insert
Ejercicios4/LuisChico/out/LuisChico.elf	0x1a0013d4	0x00000028	T	Board_Init
Ejercicios4/LuisChico/out/LuisChico.elf	0x1a000114	0x00000000	T	__data_section_table
Ejercicios4/LuisChico/out/LuisChico.elf	0x1a0001a0	0x00000002	W	RTC_IRQHandler
Ejercicios4/LuisChico/out/LuisChico.elf	0x100001c4	0x00000000	B	_ebss
Ejercicios4/LuisChico/out/LuisChico.elf	0x1a000fd0	0x0000003c	T	TIMER0_IRQHandler
Ejercicios4/LuisChico/out/LuisChico.elf	0x1a000548	0x00000030	T	Get_Char_From_Buffer
Ejercicios4/LuisChico/out/LuisChico.elf	0x1a0001a0	0x00000002	W	SPI_IRQHandler
Ejercicios4/LuisChico/out/LuisChico.elf	0x1a0001a0	0x00000002	W	LCD_IRQHandler
Ejercicios4/LuisChico/out/LuisChico.elf	0x1a001834	0x0000004c	T	Chip_Clock_EnableCrystal
Ejercicios4/LuisChico/out/LuisChico.elf	0x1a00060c	0x000000ee	T	boardConfig
Ejercicios4/LuisChico/out/LuisChico.elf	0x1a0001a4	0x0000001a	T	data_init
Ejercicios4/LuisChico/out/LuisChico.elf	0x1a00100c	0x0000003c	T	TIMER1_IRQHandler
Ejercicios4/LuisChico/out/LuisChico.elf	0x1a001890	0x00000054	T	Chip_Clock_SetDivider
Ejercicios4/LuisChico/out/LuisChico.elf	0x1a001278	0x00000002	T	UART2_IRQHandler
Ejercicios4/LuisChico/out/LuisChico.elf	0x1a000cb4	0x00000010	T	printEnter
Ejercicios4/LuisChico/out/LuisChico.elf	0x1a001bac	0x00000068	T	Chip_Clock_GetMainPLLHz
Ejercicios4/LuisChico/out/LuisChico.elf	0x1a0023b0	0x0000001c	T	Chip_UART_DeInit
Ejercicios4/LuisChico/out/LuisChico.elf	0x1a0008a0	0x00000004	T	sAPI_NullFuncPtr
Ejercicios4/LuisChico/out/LuisChico.elf	0x10000144	0x00000001	B	RXIndex_escritura
Ejercicios4/LuisChico/out/LuisChico.elf	0x1a001170	0x00000030	T	uartWriteByte
Ejercicios4/LuisChico/out/LuisChico.elf	0x1a000c80	0x00000016	T	gpioToggle
Ejercicios4/LuisChico/out/LuisChico.elf	0x1a0001a0	0x00000002	W	GPIO2_IRQHandler
Ejercicios4/LuisChico/out/LuisChico.elf	0x1a001880	0x00000010	T	Chip_Clock_DisableCrystal
Ejercicios4/LuisChico/out/LuisChico.elf	0x1a001dec	0x00000014	T	Chip_Clock_StartPowerDown
Ejercicios4/LuisChico/out/LuisChico.elf	0x1a000de8	0x0000010c	T	Timer_Init
Ejercicios4/LuisChico/out/LuisChico.elf	0x1a00035c	0x00000010	T	schedulerStart
Ejercicios4/LuisChico/out/LuisChico.elf	0x1a000f34	0x00000008	T	Timer_microsecondsToTicks
Ejercicios4/LuisChico/out/LuisChico.elf	0x1a001d00	0x00000024	T	Chip_Clock_GetBaseClock
Ejercicios4/LuisChico/out/LuisChico.elf	0x1a001ef8	0x0000000c	T	Chip_Clock_GetPLLStatus
Ejercicios4/LuisChico/out/LuisChico.elf	0x1a0024b0	0x00000024	T	Chip_UART_RXIntHandlerRB
Ejercicios4/LuisChico/out/LuisChico.elf	0x1a002510	0x00000042	T	Chip_UART_SendRB
Ejercicios4/LuisChico/out/LuisChico.elf	0x10000140	0x00000000	B	_bss
Ejercicios4/LuisChico/out/LuisChico.elf	0x1a0001a0	0x00000002	W	I2S1_IRQHandler
Ejercicios4/LuisChico/out/LuisChico.elf	0x1a0003b4	0x00000034	T	schedulerDeleteTask
Ejercicios4/LuisChico/out/LuisChico.elf	0x1a001af0	0x000000bc	T	Chip_Clock_SetupMainPLLHz
Ejercicios4/LuisChico/out/LuisChico.elf	0x1a001f5c	0x00000002	T	Chip_GPIO_Init
Ejercicios4/LuisChico/out/LuisChico.elf	0x1a002f88	0x00000004	T	OscRateIn
Ejercicios4/LuisChico/out/LuisChico.elf	0x1a0013fc	0x00000024	T	Board_I2C_Init
Ejercicios4/LuisChico/out/LuisChico.elf	0x100001c4	0x00000000	?	_end_noinit
Ejercicios4/LuisChico/out/LuisChico.elf	0x10008000	0x00000000	A	_vStackTop
Ejercicios4/LuisChico/out/LuisChico.elf	0x1a0013b0	0x00000024	T	Board_ENET_GetMacADDR
Ejercicios4/LuisChico/out/LuisChico.elf	0x1a0008a4	0x00000052	T	delayInaccurate
Ejercicios4/LuisChico/out/LuisChico.elf	0x1a0001a0	0x00000002	W	SSP1_IRQHandler
Ejercicios4/LuisChico/out/LuisChico.elf	0x1a002294	0x0000000c	T	Chip_TIMER_Init
Ejercicios4/LuisChico/out/LuisChico.elf	0x1a0005d8	0x0000001c	T	Write_Char_To_Buffer
Ejercicios4/LuisChico/out/LuisChico.elf	0x1a001ce0	0x00000020	T	Chip_Clock_IsBaseClockEnabled
Ejercicios4/LuisChico/out/LuisChico.elf	0x1a000178	0x00000000	T	__bss_section_table_end
Ejercicios4/LuisChico/out/LuisChico.elf	0x1a001c7c	0x00000034	T	Chip_Clock_GetBaseClockOpts
Ejercicios4/LuisChico/out/LuisChico.elf	0x1a000d28	0x00000004	T	sleepUntilNextInterrupt
Ejercicios4/LuisChico/out/LuisChico.elf	0x1a00280c	0x00000002	W	__aeabi_ldiv0
Ejercicios4/LuisChico/out/LuisChico.elf	0x1a002064	0x00000082	T	RingBuffer_PopMult
Ejercicios4/LuisChico/out/LuisChico.elf	0x1a0001a0	0x00000002	W	USB0_IRQHandler
Ejercicios4/LuisChico/out/LuisChico.elf	0x1a001db8	0x00000034	T	Chip_Clock_Disable
Ejercicios4/LuisChico/out/LuisChico.elf	0x1a0001a0	0x00000002	W	GPIO3_IRQHandler
Ejercicios4/LuisChico/out/LuisChico.elf	0x1a000f74	0x00000044	T	Timer_DisableCompareMatch
Ejercicios4/LuisChico/out/LuisChico.elf	0x1a0012fc	0x00000014	T	Board_UARTPutChar
Ejercicios4/LuisChico/out/LuisChico.elf	0x1a0023cc	0x00000022	T	Chip_UART_Send
Ejercicios4/LuisChico/out/LuisChico.elf	0x1a0001a0	0x00000002	W	SCT_IRQHandler
Ejercicios4/LuisChico/out/LuisChico.elf	0x1a001e60	0x00000030	T	Chip_Clock_GetEMCRate
Ejercicios4/LuisChico/out/LuisChico.elf	0x1a000788	0x00000074	T	uint64ToString
Ejercicios4/LuisChico/out/LuisChico.elf	0x1a002564	0x00000036	T	Chip_UART_IRQRBHandler
Ejercicios4/LuisChico/out/LuisChico.elf	0x1a001900	0x0000001c	T	Chip_Clock_GetDividerDivisor
Ejercicios4/LuisChico/out/LuisChico.elf	0x1a0002fc	0x00000000	T	__CRP_WORD_START__
Ejercicios4/LuisChico/out/LuisChico.elf	0x1a002d2e	0x00000010	T	memset
Ejercicios4/LuisChico/out/LuisChico.elf	0x1a000184	0x00000002	W	MemManage_Handler
Ejercicios4/LuisChico/out/LuisChico.elf	0x1a0004cc	0x0000007c	T	main
Ejercicios4/LuisChico/out/LuisChico.elf	0x1a002424	0x00000022	T	Chip_UART_Read
Ejercicios4/LuisChico/out/LuisChico.elf	0x10000198	0x0000000a	B	TX_buffer
Ejercicios4/LuisChico/out/LuisChico.elf	0x1a0001a0	0x00000002	W	WDT_IRQHandler
Ejercicios4/LuisChico/out/LuisChico.elf	0x1a000190	0x00000002	W	SVC_Handler
Ejercicios4/LuisChico/out/LuisChico.elf	0x1a000300	0x0000003c	T	schedulerUpdate
Ejercicios4/LuisChico/out/LuisChico.elf	0x1a000f3c	0x00000038	T	Timer_EnableCompareMatch
Ejercicios4/LuisChico/out/LuisChico.elf	0x1a002238	0x00000014	T	Chip_SetupXtalClocking
Ejercicios4/LuisChico/out/LuisChico.elf	0x1a001398	0x00000016	T	Board_LED_Toggle
Ejercicios4/LuisChico/out/LuisChico.elf	0x1a0001a0	0x00000002	W	GPIO7_IRQHandler
Ejercicios4/LuisChico/out/LuisChico.elf	0x1a001d30	0x0000003c	T	Chip_Clock_EnableOpts
Ejercicios4/LuisChico/out/LuisChico.elf	0x1a002e08	0x00000136	T	gpioPinsConfig
Ejercicios4/LuisChico/out/LuisChico.elf	0x1a00191c	0x000000b8	T	Chip_Clock_GetClockInputHz
Ejercicios4/LuisChico/out/LuisChico.elf	0x1a001f04	0x00000058	T	fpuInit
Ejercicios4/LuisChico/out/LuisChico.elf	0x1a001368	0x00000030	T	Board_LED_Test
Ejercicios4/LuisChico/out/LuisChico.elf	0x1a0019d4	0x00000080	T	Chip_Clock_CalcMainPLLValue
Ejercicios4/LuisChico/out/LuisChico.elf	0x1a00153c	0x0000001c	T	SystemInit
Ejercicios4/LuisChico/out/LuisChico.elf	0x1a0001a0	0x00000002	W	SPIFI_IRQHandler
Ejercicios4/LuisChico/out/LuisChico.elf	0x1a000954	0x00000038	T	delay
Ejercicios4/LuisChico/out/LuisChico.elf	0x1a0001a0	0x00000002	W	QEI_IRQHandler
Ejercicios4/LuisChico/out/LuisChico.elf	0x1a000150	0x00000000	T	__bss_section_table
Ejercicios4/LuisChico/out/LuisChico.elf	0x10000146	0x00000001	B	TXIndex_escritura
Ejercicios4/LuisChico/out/LuisChico.elf	0x1a001da0	0x00000018	T	Chip_Clock_RTCEnable
Ejercicios4/LuisChico/out/LuisChico.elf	0x1a000bd0	0x00000058	T	gpioWrite
Ejercicios4/LuisChico/out/LuisChico.elf	0x1a002400	0x00000024	T	Chip_UART_SendBlocking
Ejercicios4/LuisChico/out/LuisChico.elf	0x1a001488	0x00000034	T	Board_SetupMuxing
Ejercicios4/LuisChico/out/LuisChico.elf	0x1a00259c	0x000000e8	T	Chip_UART_SetBaudFDR
Ejercicios4/LuisChico/out/LuisChico.elf	0x1a000da4	0x0000000c	T	tickRead
Ejercicios4/LuisChico/out/LuisChico.elf	0x100001b8	0x00000008	B	tickRateMS
Ejercicios4/LuisChico/out/LuisChico.elf	0x1a0001a0	0x00000002	W	ETH_IRQHandler
Ejercicios4/LuisChico/out/LuisChico.elf	0x100000f8	0x00000004	D	tickHookFunction
Ejercicios4/LuisChico/out/LuisChico.elf	0x10000000	0x00000000	?	_end_uninit_RESERVED
Ejercicios4/LuisChico/out/LuisChico.elf	0x1a001224	0x0000003a	T	waitForReceiveStringOrTimeoutBlocking
Ejercicios4/LuisChico/out/LuisChico.elf	0x1a0001a0	0x00000002	W	CAN0_IRQHandler
Ejercicios4/LuisChico/out/LuisChico.elf	0x1a000d0c	0x0000001a	T	printHex
Ejercicios4/LuisChico/out/LuisChico.elf	0x10000000	0x00000000	D	_data
Ejercicios4/LuisChico/out/LuisChico.elf	0x1a000178	0x00000000	T	__section_table_end
Ejercicios4/LuisChico/out/LuisChico.elf	0x1a000cc4	0x00000022	T	printIntFormat
Ejercicios4/LuisChico/out/LuisChico.elf	0x1a0010c8	0x00000064	T	uartConfig
Ejercicios4/LuisChico/out/LuisChico.elf	0x1a0001a0	0x00000002	W	GINT0_IRQHandler
Ejercicios4/LuisChico/out/LuisChico.elf	0x1a0001a0	0x00000002	W	DAC_IRQHandler
Ejercicios4/LuisChico/out/LuisChico.elf	0x1a0012d4	0x00000028	T	Board_Debug_Init
Ejercicios4/LuisChico/out/LuisChico.elf	0x1000013c	0x00000000	D	_edata
Ejercicios4/LuisChico/out/LuisChico.elf	0x1a0001a0	0x00000002	W	M0SUB_IRQHandler
Ejercicios4/LuisChico/out/LuisChico.elf	0x1a002690	0x00000038	T	Chip_UART_ABCmd
Ejercicios4/LuisChico/out/LuisChico.elf	0x1a000428	0x00000002	T	schedulerReportStatus
Ejercicios4/LuisChico/out/LuisChico.elf	0x1a0020e8	0x00000150	T	Chip_SetupCoreClock
Ejercicios4/LuisChico/out/LuisChico.elf	0x1a0001a0	0x00000002	W	GPIO0_IRQHandler
Ejercicios4/LuisChico/out/LuisChico.elf	0x100001a4	0x0000000a	B	RX_buffer
Ejercicios4/LuisChico/out/LuisChico.elf	0x1a001420	0x0000002c	T	Board_SDMMC_Init
Ejercicios4/LuisChico/out/LuisChico.elf	0x1a000000	0x00000114	T	g_pfnVectors
Ejercicios4/LuisChico/out/LuisChico.elf	0x1a0026c8	0x0000007c	T	ResetISR
Ejercicios4/LuisChico/out/LuisChico.elf	0x1a001608	0x00000014	T	SystemCoreClockUpdate
Ejercicios4/LuisChico/out/LuisChico.elf	0x1a001474	0x00000014	T	Board_DAC_Init
Ejercicios4/LuisChico/out/LuisChico.elf	0x1a000c9c	0x0000000e	T	printConfigUart
Ejercicios4/LuisChico/out/LuisChico.elf	0x1a0001a0	0x00000002	W	DMA_IRQHandler
Ejercicios4/LuisChico/out/LuisChico.elf	0x1a0001a0	0x00000002	W	EVRT_IRQHandler
Ejercicios4/LuisChico/out/LuisChico.elf	0x1a001f64	0x00000010	T	RingBuffer_Init
Ejercicios4/LuisChico/out/LuisChico.elf	0x1a0008f8	0x0000005a	T	delayInaccurateUs
Ejercicios4/LuisChico/out/LuisChico.elf	0x1a00280c	0x00000002	W	__aeabi_idiv0
Ejercicios4/LuisChico/out/LuisChico.elf	0x1a001ee4	0x00000014	T	Chip_Clock_DisablePLL
Ejercicios4/LuisChico/out/LuisChico.elf	0x1a000c98	0x00000004	T	printSetUart
Ejercicios4/LuisChico/out/LuisChico.elf	0x1a001e00	0x00000014	T	Chip_Clock_ClearPowerDown
Ejercicios4/LuisChico/out/LuisChico.elf	0x1a0024d4	0x0000003a	T	Chip_UART_TXIntHandlerRB
Ejercicios4/LuisChico/out/LuisChico.elf	0x1a000188	0x00000002	W	BusFault_Handler
Ejercicios4/LuisChico/out/LuisChico.elf	0x1a001d6c	0x00000034	T	Chip_Clock_Enable
Ejercicios4/LuisChico/out/LuisChico.elf	0x1a00127c	0x00000002	T	UART3_IRQHandler
Ejercicios4/LuisChico/out/LuisChico.elf	0x1a0009ec	0x0000001c	T	delayWrite
Ejercicios4/LuisChico/out/LuisChico.elf	0x1a0001a0	0x00000002	W	MCPWM_IRQHandler
Ejercicios4/LuisChico/out/LuisChico.elf	0x1a0027ac	0x0000002e	T	__gnu_ldivmod_helper
Ejercicios4/LuisChico/out/LuisChico.elf	0x1a001340	0x00000028	T	Board_LED_Set
Ejercicios4/LuisChico/out/LuisChico.elf	0x1a0001a0	0x00000002	W	M0APP_IRQHandler
Ejercicios4/LuisChico/out/LuisChico.elf	0x1a000c28	0x00000058	T	gpioRead
Ejercicios4/LuisChico/out/LuisChico.elf	0x10000168	0x00000030	B	schedulerTasks
Ejercicios4/LuisChico/out/LuisChico.elf	0x1a0001a0	0x00000002	W	GINT1_IRQHandler
Ejercicios4/LuisChico/out/LuisChico.elf	0x1a00033c	0x00000020	T	schedulerInit
Ejercicios4/LuisChico/out/LuisChico.elf	0x1a000fb8	0x00000018	T	Timer_SetCompareMatch
Ejercicios4/LuisChico/out/LuisChico.elf	0x1a002744	0x00000000	T	__aeabi_ldivmod
Ejercicios4/LuisChico/out/LuisChico.elf	0x1a002448	0x00000024	T	Chip_UART_ReadBlocking
Ejercicios4/LuisChico/out/LuisChico.elf	0x1a0012c0	0x00000014	T	Board_UART_Init
Ejercicios4/LuisChico/out/LuisChico.elf	0x1a001cb0	0x00000018	T	Chip_Clock_EnableBaseClock
Ejercicios4/LuisChico/out/LuisChico.elf	0x1a001c38	0x00000044	T	Chip_Clock_SetBaseClock
Ejercicios4/LuisChico/out/LuisChico.elf	0x1a0001a0	0x00000002	W	GPIO4_IRQHandler
Ejercicios4/LuisChico/out/LuisChico.elf	0x1a001530	0x0000000c	T	Board_SystemInit
