Ejercicios2/ejer2-template/out/ejer2-template.elf	0x1a00062c	0x0000002c	t	gpioObtainPinConfig
Ejercicios2/ejer2-template/out/ejer2-template.elf	0x1a000970	0x00000002	t	errorOcurred
Ejercicios2/ejer2-template/out/ejer2-template.elf	0x1a000974	0x00000002	t	doNothing
Ejercicios2/ejer2-template/out/ejer2-template.elf	0x1a0029d0	0x00000030	t	timer_sd
Ejercicios2/ejer2-template/out/ejer2-template.elf	0x10000004	0x00000040	d	timer_dd
Ejercicios2/ejer2-template/out/ejer2-template.elf	0x1a000e10	0x00000040	t	Board_LED_Init
Ejercicios2/ejer2-template/out/ejer2-template.elf	0x1a002a00	0x0000000c	t	gpioLEDBits
Ejercicios2/ejer2-template/out/ejer2-template.elf	0x1a002a1c	0x00000060	t	pinmuxing
Ejercicios2/ejer2-template/out/ejer2-template.elf	0x1a002a7c	0x0000000c	t	InitClkStates
Ejercicios2/ejer2-template/out/ejer2-template.elf	0x1a0010e8	0x00000034	t	Chip_USB_PllSetup
Ejercicios2/ejer2-template/out/ejer2-template.elf	0x1a002a88	0x00000014	t	usbPLLSetup
Ejercicios2/ejer2-template/out/ejer2-template.elf	0x1a0011ac	0x000000a8	t	pll_calc_divs
Ejercicios2/ejer2-template/out/ejer2-template.elf	0x1a001254	0x00000104	t	pll_get_frac
Ejercicios2/ejer2-template/out/ejer2-template.elf	0x1a001358	0x00000024	t	Chip_Clock_TestMainPLLMultiplier
Ejercicios2/ejer2-template/out/ejer2-template.elf	0x1a00137c	0x00000048	t	Chip_Clock_FindBaseClock
Ejercicios2/ejer2-template/out/ejer2-template.elf	0x1a0017a4	0x00000022	t	Chip_Clock_GetDivRate
Ejercicios2/ejer2-template/out/ejer2-template.elf	0x1a002a9c	0x0000006c	t	periph_to_base
Ejercicios2/ejer2-template/out/ejer2-template.elf	0x1000004c	0x00000008	b	audio_usb_pll_freq
Ejercicios2/ejer2-template/out/ejer2-template.elf	0x1a002b14	0x00000048	t	InitClkStates
Ejercicios2/ejer2-template/out/ejer2-template.elf	0x1a001df8	0x0000002c	t	Chip_TIMER_GetClockIndex
Ejercicios2/ejer2-template/out/ejer2-template.elf	0x1a001e7c	0x0000002c	t	Chip_UART_GetIndex
Ejercicios2/ejer2-template/out/ejer2-template.elf	0x1a001ea8	0x00000048	t	Chip_UART_ABIntHandler
Ejercicios2/ejer2-template/out/ejer2-template.elf	0x1a002b5c	0x00000008	t	UART_PClock
Ejercicios2/ejer2-template/out/ejer2-template.elf	0x1a002b64	0x00000008	t	UART_BClock
Ejercicios2/ejer2-template/out/ejer2-template.elf	0x10000054	0x00000001	b	ABsyncSts
Ejercicios2/ejer2-template/out/ejer2-template.elf	0x1a080000	0x00000000	a	__top_MFlashA512
Ejercicios2/ejer2-template/out/ejer2-template.elf	0x1a002b74	0x00000000	r	__exidx_end
Ejercicios2/ejer2-template/out/ejer2-template.elf	0x1a002b74	0x00000000	r	_etext
Ejercicios2/ejer2-template/out/ejer2-template.elf	0x20008000	0x00000000	a	__top_RamAHB32
Ejercicios2/ejer2-template/out/ejer2-template.elf	0x1a002b6c	0x00000000	t	__exidx_start
Ejercicios2/ejer2-template/out/ejer2-template.elf	0x20010000	0x00000000	a	__top_RamAHB_ETB16
Ejercicios2/ejer2-template/out/ejer2-template.elf	0x10008000	0x00000000	a	__top_RamLoc32
Ejercicios2/ejer2-template/out/ejer2-template.elf	0x2000c000	0x00000000	a	__top_RamAHB16
Ejercicios2/ejer2-template/out/ejer2-template.elf	0x1008a000	0x00000000	a	__top_RamLoc40
Ejercicios2/ejer2-template/out/ejer2-template.elf	0x10000084	0x00000000	b	_pvHeapStart
Ejercicios2/ejer2-template/out/ejer2-template.elf	0x1b080000	0x00000000	a	__top_MFlashB512
Ejercicios2/ejer2-template/out/ejer2-template.elf	0x1a001474	0x0000001c	T	Chip_Clock_GetDividerSource
Ejercicios2/ejer2-template/out/ejer2-template.elf	0x1a002334	0x0000002e	T	__gnu_uldivmod_helper
Ejercicios2/ejer2-template/out/ejer2-template.elf	0x1a000bd8	0x00000040	T	TIMER2_IRQHandler
Ejercicios2/ejer2-template/out/ejer2-template.elf	0x1a000194	0x00000002	W	DebugMon_Handler
Ejercicios2/ejer2-template/out/ejer2-template.elf	0x1a0001a0	0x00000002	W	RIT_IRQHandler
Ejercicios2/ejer2-template/out/ejer2-template.elf	0x1a000a84	0x00000040	T	Timer_DeInit
Ejercicios2/ejer2-template/out/ejer2-template.elf	0x1a0001a0	0x00000002	W	ADCHS_IRQHandler
Ejercicios2/ejer2-template/out/ejer2-template.elf	0x1a002368	0x0000029c	T	__divdi3
Ejercicios2/ejer2-template/out/ejer2-template.elf	0x1a000114	0x00000000	T	__section_table_start
Ejercicios2/ejer2-template/out/ejer2-template.elf	0x1a0001a0	0x00000002	W	FLASH_EEPROM_IRQHandler
Ejercicios2/ejer2-template/out/ejer2-template.elf	0x1a0001a0	0x00000002	W	I2C0_IRQHandler
Ejercicios2/ejer2-template/out/ejer2-template.elf	0x1a000cbc	0x00000044	T	uartReadByte
Ejercicios2/ejer2-template/out/ejer2-template.elf	0x1a00111c	0x00000034	T	Chip_USB0_Init
Ejercicios2/ejer2-template/out/ejer2-template.elf	0x1a001f80	0x00000010	T	Chip_UART_CheckBusy
Ejercicios2/ejer2-template/out/ejer2-template.elf	0x1a0005d0	0x0000003e	T	delayRead
Ejercicios2/ejer2-template/out/ejer2-template.elf	0x1a000180	0x00000002	W	HardFault_Handler
Ejercicios2/ejer2-template/out/ejer2-template.elf	0x1a002214	0x0000000c	T	Chip_UART_GetABEOStatus
Ejercicios2/ejer2-template/out/ejer2-template.elf	0x1a000000	0x00000000	A	__vectors_start__
Ejercicios2/ejer2-template/out/ejer2-template.elf	0x1a001bc4	0x00000030	T	RingBuffer_Pop
Ejercicios2/ejer2-template/out/ejer2-template.elf	0x1a000ebc	0x00000014	T	Board_UARTPutSTR
Ejercicios2/ejer2-template/out/ejer2-template.elf	0x1a001858	0x00000018	T	Chip_Clock_DisableBaseClock
Ejercicios2/ejer2-template/out/ejer2-template.elf	0x1a00094c	0x00000024	T	SysTick_Handler
Ejercicios2/ejer2-template/out/ejer2-template.elf	0x1a001ffc	0x00000044	T	Chip_UART_SetBaud
Ejercicios2/ejer2-template/out/ejer2-template.elf	0x1a0015e4	0x0000009c	T	Chip_Clock_SetupMainPLLMult
Ejercicios2/ejer2-template/out/ejer2-template.elf	0x1a0001a0	0x00000002	W	SDIO_IRQHandler
Ejercicios2/ejer2-template/out/ejer2-template.elf	0x1a000ea0	0x0000001c	T	Board_UARTGetChar
Ejercicios2/ejer2-template/out/ejer2-template.elf	0x1a0001a0	0x00000002	W	ATIMER_IRQHandler
Ejercicios2/ejer2-template/out/ejer2-template.elf	0x1a000198	0x00000002	W	PendSV_Handler
Ejercicios2/ejer2-template/out/ejer2-template.elf	0x1a00017c	0x00000002	W	NMI_Handler
Ejercicios2/ejer2-template/out/ejer2-template.elf	0x1a000150	0x00000000	T	__data_section_table_end
Ejercicios2/ejer2-template/out/ejer2-template.elf	0x1a0001a0	0x00000002	W	I2C1_IRQHandler
Ejercicios2/ejer2-template/out/ejer2-template.elf	0x1a0001a0	0x00000002	W	UART1_IRQHandler
Ejercicios2/ejer2-template/out/ejer2-template.elf	0x1a0001a0	0x00000002	W	GPIO5_IRQHandler
Ejercicios2/ejer2-template/out/ejer2-template.elf	0x1a0001a0	0x00000002	W	CAN1_IRQHandler
Ejercicios2/ejer2-template/out/ejer2-template.elf	0x1a001a60	0x00000014	T	Chip_Clock_EnablePLL
Ejercicios2/ejer2-template/out/ejer2-template.elf	0x53ff560e	0x00000000	A	__valid_user_code_checksum
Ejercicios2/ejer2-template/out/ejer2-template.elf	0x1a000fdc	0x00000028	T	Board_SSP_Init
Ejercicios2/ejer2-template/out/ejer2-template.elf	0x1a0001a0	0x00000002	W	USB1_IRQHandler
Ejercicios2/ejer2-template/out/ejer2-template.elf	0x1a0001a0	0x00000002	W	I2S0_IRQHandler
Ejercicios2/ejer2-template/out/ejer2-template.elf	0x1a000d30	0x00000084	T	waitForReceiveStringOrTimeout
Ejercicios2/ejer2-template/out/ejer2-template.elf	0x1a000c18	0x00000040	T	TIMER3_IRQHandler
Ejercicios2/ejer2-template/out/ejer2-template.elf	0x1a0018b4	0x0000000c	T	Chip_Clock_GetBaseClocktHz
Ejercicios2/ejer2-template/out/ejer2-template.elf	0x1a000178	0x00000002	T	UART0_IRQHandler
Ejercicios2/ejer2-template/out/ejer2-template.elf	0x1a0001c0	0x00000012	T	bss_init
Ejercicios2/ejer2-template/out/ejer2-template.elf	0x1a001e54	0x00000028	T	Chip_TIMER_ExtMatchControlSet
Ejercicios2/ejer2-template/out/ejer2-template.elf	0x1a0020e4	0x0000000e	T	Chip_UART_ReadRB
Ejercicios2/ejer2-template/out/ejer2-template.elf	0x1a001e3c	0x00000018	T	Chip_TIMER_Reset
Ejercicios2/ejer2-template/out/ejer2-template.elf	0x1a002870	0x00000016	T	memcpy
Ejercicios2/ejer2-template/out/ejer2-template.elf	0x1a0001a0	0x00000002	W	SGPIO_IRQHandler
Ejercicios2/ejer2-template/out/ejer2-template.elf	0x1a001e30	0x0000000c	T	Chip_TIMER_DeInit
Ejercicios2/ejer2-template/out/ejer2-template.elf	0x1a001a20	0x00000040	T	Chip_Clock_SetupPLL
Ejercicios2/ejer2-template/out/ejer2-template.elf	0x1a0022d4	0x00000000	T	__aeabi_uldivmod
Ejercicios2/ejer2-template/out/ejer2-template.elf	0x10000084	0x00000000	?	_noinit
Ejercicios2/ejer2-template/out/ejer2-template.elf	0x1a000df0	0x00000018	T	uartWriteString
Ejercicios2/ejer2-template/out/ejer2-template.elf	0x10000080	0x00000004	B	SystemCoreClock
Ejercicios2/ejer2-template/out/ejer2-template.elf	0x1a001ef0	0x00000050	T	Chip_UART_Init
Ejercicios2/ejer2-template/out/ejer2-template.elf	0x1a0001a0	0x00000002	W	ADC0_IRQHandler
Ejercicios2/ejer2-template/out/ejer2-template.elf	0x1a001b34	0x00000090	T	RingBuffer_InsertMult
Ejercicios2/ejer2-template/out/ejer2-template.elf	0x1a0005b0	0x00000020	T	delayConfig
Ejercicios2/ejer2-template/out/ejer2-template.elf	0x1a00018c	0x00000002	W	UsageFault_Handler
Ejercicios2/ejer2-template/out/ejer2-template.elf	0x1a0019a4	0x0000004c	T	Chip_Clock_GetRate
Ejercicios2/ejer2-template/out/ejer2-template.elf	0x1a0001a0	0x00000002	W	GPIO6_IRQHandler
Ejercicios2/ejer2-template/out/ejer2-template.elf	0x10000070	0x00000008	B	tickCounter
Ejercicios2/ejer2-template/out/ejer2-template.elf	0x1a00104c	0x00000074	T	Board_SetupClocking
Ejercicios2/ejer2-template/out/ejer2-template.elf	0x1a001df0	0x00000008	T	Chip_SystemInit
Ejercicios2/ejer2-template/out/ejer2-template.elf	0x1a002a18	0x00000004	T	ExtRateIn
Ejercicios2/ejer2-template/out/ejer2-template.elf	0x1a0001a0	0x00000002	W	IntDefaultHandler
Ejercicios2/ejer2-template/out/ejer2-template.elf	0x1a000300	0x00000000	T	__CRP_WORD_END__
Ejercicios2/ejer2-template/out/ejer2-template.elf	0x1a000940	0x0000000c	T	tickWrite
Ejercicios2/ejer2-template/out/ejer2-template.elf	0x1a001af0	0x00000002	T	Chip_GPIO_DeInit
Ejercicios2/ejer2-template/out/ejer2-template.elf	0x1a0001a0	0x00000002	W	GPIO1_IRQHandler
Ejercicios2/ejer2-template/out/ejer2-template.elf	0x1a0008bc	0x00000078	T	tickConfig
Ejercicios2/ejer2-template/out/ejer2-template.elf	0x1a001150	0x00000048	T	Chip_USB1_Init
Ejercicios2/ejer2-template/out/ejer2-template.elf	0x1a0001a0	0x00000002	W	SSP0_IRQHandler
Ejercicios2/ejer2-template/out/ejer2-template.elf	0x1a000658	0x0000019c	T	gpioConfig
Ejercicios2/ejer2-template/out/ejer2-template.elf	0x1a0002fc	0x00000004	T	CRP_WORD
Ejercicios2/ejer2-template/out/ejer2-template.elf	0x1a001ddc	0x00000014	T	Chip_SetupIrcClocking
Ejercicios2/ejer2-template/out/ejer2-template.elf	0x1a002604	0x0000026a	T	__udivdi3
Ejercicios2/ejer2-template/out/ejer2-template.elf	0x1a0001a0	0x00000002	W	ADC1_IRQHandler
Ejercicios2/ejer2-template/out/ejer2-template.elf	0x1a001b04	0x00000030	T	RingBuffer_Insert
Ejercicios2/ejer2-template/out/ejer2-template.elf	0x1a000f64	0x00000028	T	Board_Init
Ejercicios2/ejer2-template/out/ejer2-template.elf	0x10000048	0x00000001	B	state
Ejercicios2/ejer2-template/out/ejer2-template.elf	0x1a000114	0x00000000	T	__data_section_table
Ejercicios2/ejer2-template/out/ejer2-template.elf	0x1a0001a0	0x00000002	W	RTC_IRQHandler
Ejercicios2/ejer2-template/out/ejer2-template.elf	0x10000084	0x00000000	B	_ebss
Ejercicios2/ejer2-template/out/ejer2-template.elf	0x1a000b60	0x0000003c	T	TIMER0_IRQHandler
Ejercicios2/ejer2-template/out/ejer2-template.elf	0x1a0001a0	0x00000002	W	SPI_IRQHandler
Ejercicios2/ejer2-template/out/ejer2-template.elf	0x1a0001a0	0x00000002	W	LCD_IRQHandler
Ejercicios2/ejer2-template/out/ejer2-template.elf	0x1a0013c4	0x0000004c	T	Chip_Clock_EnableCrystal
Ejercicios2/ejer2-template/out/ejer2-template.elf	0x1a0003d4	0x000000ee	T	boardConfig
Ejercicios2/ejer2-template/out/ejer2-template.elf	0x1a0001a4	0x0000001a	T	data_init
Ejercicios2/ejer2-template/out/ejer2-template.elf	0x1a000b9c	0x0000003c	T	TIMER1_IRQHandler
Ejercicios2/ejer2-template/out/ejer2-template.elf	0x1a001420	0x00000054	T	Chip_Clock_SetDivider
Ejercicios2/ejer2-template/out/ejer2-template.elf	0x1a000e08	0x00000002	T	UART2_IRQHandler
Ejercicios2/ejer2-template/out/ejer2-template.elf	0x1a00173c	0x00000068	T	Chip_Clock_GetMainPLLHz
Ejercicios2/ejer2-template/out/ejer2-template.elf	0x1a001f40	0x0000001c	T	Chip_UART_DeInit
Ejercicios2/ejer2-template/out/ejer2-template.elf	0x1a0004c4	0x00000004	T	sAPI_NullFuncPtr
Ejercicios2/ejer2-template/out/ejer2-template.elf	0x1a000d00	0x00000030	T	uartWriteByte
Ejercicios2/ejer2-template/out/ejer2-template.elf	0x1a0008a4	0x00000016	T	gpioToggle
Ejercicios2/ejer2-template/out/ejer2-template.elf	0x1a0001a0	0x00000002	W	GPIO2_IRQHandler
Ejercicios2/ejer2-template/out/ejer2-template.elf	0x1a001410	0x00000010	T	Chip_Clock_DisableCrystal
Ejercicios2/ejer2-template/out/ejer2-template.elf	0x1a00197c	0x00000014	T	Chip_Clock_StartPowerDown
Ejercicios2/ejer2-template/out/ejer2-template.elf	0x1a000978	0x0000010c	T	Timer_Init
Ejercicios2/ejer2-template/out/ejer2-template.elf	0x1a000ac4	0x00000008	T	Timer_microsecondsToTicks
Ejercicios2/ejer2-template/out/ejer2-template.elf	0x1a001890	0x00000024	T	Chip_Clock_GetBaseClock
Ejercicios2/ejer2-template/out/ejer2-template.elf	0x1a001a88	0x0000000c	T	Chip_Clock_GetPLLStatus
Ejercicios2/ejer2-template/out/ejer2-template.elf	0x1a002040	0x00000024	T	Chip_UART_RXIntHandlerRB
Ejercicios2/ejer2-template/out/ejer2-template.elf	0x1a0020a0	0x00000042	T	Chip_UART_SendRB
Ejercicios2/ejer2-template/out/ejer2-template.elf	0x10000048	0x00000000	B	_bss
Ejercicios2/ejer2-template/out/ejer2-template.elf	0x1a0001a0	0x00000002	W	I2S1_IRQHandler
Ejercicios2/ejer2-template/out/ejer2-template.elf	0x1a001680	0x000000bc	T	Chip_Clock_SetupMainPLLHz
Ejercicios2/ejer2-template/out/ejer2-template.elf	0x1a001aec	0x00000002	T	Chip_GPIO_Init
Ejercicios2/ejer2-template/out/ejer2-template.elf	0x1a002a14	0x00000004	T	OscRateIn
Ejercicios2/ejer2-template/out/ejer2-template.elf	0x1a000f8c	0x00000024	T	Board_I2C_Init
Ejercicios2/ejer2-template/out/ejer2-template.elf	0x10000084	0x00000000	?	_end_noinit
Ejercicios2/ejer2-template/out/ejer2-template.elf	0x10008000	0x00000000	A	_vStackTop
Ejercicios2/ejer2-template/out/ejer2-template.elf	0x1a000f40	0x00000024	T	Board_ENET_GetMacADDR
Ejercicios2/ejer2-template/out/ejer2-template.elf	0x1a0004c8	0x00000052	T	delayInaccurate
Ejercicios2/ejer2-template/out/ejer2-template.elf	0x1a0001a0	0x00000002	W	SSP1_IRQHandler
Ejercicios2/ejer2-template/out/ejer2-template.elf	0x1a001e24	0x0000000c	T	Chip_TIMER_Init
Ejercicios2/ejer2-template/out/ejer2-template.elf	0x1a001870	0x00000020	T	Chip_Clock_IsBaseClockEnabled
Ejercicios2/ejer2-template/out/ejer2-template.elf	0x1a000178	0x00000000	T	__bss_section_table_end
Ejercicios2/ejer2-template/out/ejer2-template.elf	0x1a00180c	0x00000034	T	Chip_Clock_GetBaseClockOpts
Ejercicios2/ejer2-template/out/ejer2-template.elf	0x10000058	0x00000018	B	blinkyDelay
Ejercicios2/ejer2-template/out/ejer2-template.elf	0x1a002364	0x00000002	W	__aeabi_ldiv0
Ejercicios2/ejer2-template/out/ejer2-template.elf	0x1a001bf4	0x00000082	T	RingBuffer_PopMult
Ejercicios2/ejer2-template/out/ejer2-template.elf	0x1a0001a0	0x00000002	W	USB0_IRQHandler
Ejercicios2/ejer2-template/out/ejer2-template.elf	0x1a001948	0x00000034	T	Chip_Clock_Disable
Ejercicios2/ejer2-template/out/ejer2-template.elf	0x1a0001a0	0x00000002	W	GPIO3_IRQHandler
Ejercicios2/ejer2-template/out/ejer2-template.elf	0x1a000b04	0x00000044	T	Timer_DisableCompareMatch
Ejercicios2/ejer2-template/out/ejer2-template.elf	0x1a000e8c	0x00000014	T	Board_UARTPutChar
Ejercicios2/ejer2-template/out/ejer2-template.elf	0x1a001f5c	0x00000022	T	Chip_UART_Send
Ejercicios2/ejer2-template/out/ejer2-template.elf	0x1a0001a0	0x00000002	W	SCT_IRQHandler
Ejercicios2/ejer2-template/out/ejer2-template.elf	0x1a0019f0	0x00000030	T	Chip_Clock_GetEMCRate
Ejercicios2/ejer2-template/out/ejer2-template.elf	0x1a0020f4	0x00000036	T	Chip_UART_IRQRBHandler
Ejercicios2/ejer2-template/out/ejer2-template.elf	0x1a001490	0x0000001c	T	Chip_Clock_GetDividerDivisor
Ejercicios2/ejer2-template/out/ejer2-template.elf	0x1a0002fc	0x00000000	T	__CRP_WORD_START__
Ejercicios2/ejer2-template/out/ejer2-template.elf	0x1a002886	0x00000010	T	memset
Ejercicios2/ejer2-template/out/ejer2-template.elf	0x1a000184	0x00000002	W	MemManage_Handler
Ejercicios2/ejer2-template/out/ejer2-template.elf	0x1a000380	0x00000054	T	main
Ejercicios2/ejer2-template/out/ejer2-template.elf	0x1a001fb4	0x00000022	T	Chip_UART_Read
Ejercicios2/ejer2-template/out/ejer2-template.elf	0x1a0001a0	0x00000002	W	WDT_IRQHandler
Ejercicios2/ejer2-template/out/ejer2-template.elf	0x1a000190	0x00000002	W	SVC_Handler
Ejercicios2/ejer2-template/out/ejer2-template.elf	0x1a000acc	0x00000038	T	Timer_EnableCompareMatch
Ejercicios2/ejer2-template/out/ejer2-template.elf	0x1a001dc8	0x00000014	T	Chip_SetupXtalClocking
Ejercicios2/ejer2-template/out/ejer2-template.elf	0x1a000f28	0x00000016	T	Board_LED_Toggle
Ejercicios2/ejer2-template/out/ejer2-template.elf	0x1a0001a0	0x00000002	W	GPIO7_IRQHandler
Ejercicios2/ejer2-template/out/ejer2-template.elf	0x1a0018c0	0x0000003c	T	Chip_Clock_EnableOpts
Ejercicios2/ejer2-template/out/ejer2-template.elf	0x1a002898	0x00000136	T	gpioPinsConfig
Ejercicios2/ejer2-template/out/ejer2-template.elf	0x1a0014ac	0x000000b8	T	Chip_Clock_GetClockInputHz
Ejercicios2/ejer2-template/out/ejer2-template.elf	0x1a001a94	0x00000058	T	fpuInit
Ejercicios2/ejer2-template/out/ejer2-template.elf	0x1a000ef8	0x00000030	T	Board_LED_Test
Ejercicios2/ejer2-template/out/ejer2-template.elf	0x1a001564	0x00000080	T	Chip_Clock_CalcMainPLLValue
Ejercicios2/ejer2-template/out/ejer2-template.elf	0x1a0010cc	0x0000001c	T	SystemInit
Ejercicios2/ejer2-template/out/ejer2-template.elf	0x1a0001a0	0x00000002	W	SPIFI_IRQHandler
Ejercicios2/ejer2-template/out/ejer2-template.elf	0x1a000578	0x00000038	T	delay
Ejercicios2/ejer2-template/out/ejer2-template.elf	0x1a0001a0	0x00000002	W	QEI_IRQHandler
Ejercicios2/ejer2-template/out/ejer2-template.elf	0x1a000150	0x00000000	T	__bss_section_table
Ejercicios2/ejer2-template/out/ejer2-template.elf	0x1a001930	0x00000018	T	Chip_Clock_RTCEnable
Ejercicios2/ejer2-template/out/ejer2-template.elf	0x1a0007f4	0x00000058	T	gpioWrite
Ejercicios2/ejer2-template/out/ejer2-template.elf	0x1a001f90	0x00000024	T	Chip_UART_SendBlocking
Ejercicios2/ejer2-template/out/ejer2-template.elf	0x1a001018	0x00000034	T	Board_SetupMuxing
Ejercicios2/ejer2-template/out/ejer2-template.elf	0x1a00212c	0x000000e8	T	Chip_UART_SetBaudFDR
Ejercicios2/ejer2-template/out/ejer2-template.elf	0x1a000934	0x0000000c	T	tickRead
Ejercicios2/ejer2-template/out/ejer2-template.elf	0x10000078	0x00000008	B	tickRateMS
Ejercicios2/ejer2-template/out/ejer2-template.elf	0x1a0001a0	0x00000002	W	ETH_IRQHandler
Ejercicios2/ejer2-template/out/ejer2-template.elf	0x10000000	0x00000004	D	tickHookFunction
Ejercicios2/ejer2-template/out/ejer2-template.elf	0x10000000	0x00000000	?	_end_uninit_RESERVED
Ejercicios2/ejer2-template/out/ejer2-template.elf	0x1a000db4	0x0000003a	T	waitForReceiveStringOrTimeoutBlocking
Ejercicios2/ejer2-template/out/ejer2-template.elf	0x1a0001a0	0x00000002	W	CAN0_IRQHandler
Ejercicios2/ejer2-template/out/ejer2-template.elf	0x10000000	0x00000000	D	_data
Ejercicios2/ejer2-template/out/ejer2-template.elf	0x1a000178	0x00000000	T	__section_table_end
Ejercicios2/ejer2-template/out/ejer2-template.elf	0x1a000c58	0x00000064	T	uartConfig
Ejercicios2/ejer2-template/out/ejer2-template.elf	0x1a0001a0	0x00000002	W	GINT0_IRQHandler
Ejercicios2/ejer2-template/out/ejer2-template.elf	0x1a0001a0	0x00000002	W	DAC_IRQHandler
Ejercicios2/ejer2-template/out/ejer2-template.elf	0x1a000e64	0x00000028	T	Board_Debug_Init
Ejercicios2/ejer2-template/out/ejer2-template.elf	0x10000044	0x00000000	D	_edata
Ejercicios2/ejer2-template/out/ejer2-template.elf	0x1a0001a0	0x00000002	W	M0SUB_IRQHandler
Ejercicios2/ejer2-template/out/ejer2-template.elf	0x1a002220	0x00000038	T	Chip_UART_ABCmd
Ejercicios2/ejer2-template/out/ejer2-template.elf	0x1a000300	0x00000080	T	fsmBlinky
Ejercicios2/ejer2-template/out/ejer2-template.elf	0x1a001c78	0x00000150	T	Chip_SetupCoreClock
Ejercicios2/ejer2-template/out/ejer2-template.elf	0x1a0001a0	0x00000002	W	GPIO0_IRQHandler
Ejercicios2/ejer2-template/out/ejer2-template.elf	0x1a000fb0	0x0000002c	T	Board_SDMMC_Init
Ejercicios2/ejer2-template/out/ejer2-template.elf	0x1a000000	0x00000114	T	g_pfnVectors
Ejercicios2/ejer2-template/out/ejer2-template.elf	0x1a002258	0x0000007c	T	ResetISR
Ejercicios2/ejer2-template/out/ejer2-template.elf	0x1a001198	0x00000014	T	SystemCoreClockUpdate
Ejercicios2/ejer2-template/out/ejer2-template.elf	0x1a001004	0x00000014	T	Board_DAC_Init
Ejercicios2/ejer2-template/out/ejer2-template.elf	0x1a0001a0	0x00000002	W	DMA_IRQHandler
Ejercicios2/ejer2-template/out/ejer2-template.elf	0x1a0001a0	0x00000002	W	EVRT_IRQHandler
Ejercicios2/ejer2-template/out/ejer2-template.elf	0x1a001af4	0x00000010	T	RingBuffer_Init
Ejercicios2/ejer2-template/out/ejer2-template.elf	0x1a00051c	0x0000005a	T	delayInaccurateUs
Ejercicios2/ejer2-template/out/ejer2-template.elf	0x1a002364	0x00000002	W	__aeabi_idiv0
Ejercicios2/ejer2-template/out/ejer2-template.elf	0x1a001a74	0x00000014	T	Chip_Clock_DisablePLL
Ejercicios2/ejer2-template/out/ejer2-template.elf	0x1a001990	0x00000014	T	Chip_Clock_ClearPowerDown
Ejercicios2/ejer2-template/out/ejer2-template.elf	0x1a002064	0x0000003a	T	Chip_UART_TXIntHandlerRB
Ejercicios2/ejer2-template/out/ejer2-template.elf	0x1a000188	0x00000002	W	BusFault_Handler
Ejercicios2/ejer2-template/out/ejer2-template.elf	0x1a0018fc	0x00000034	T	Chip_Clock_Enable
Ejercicios2/ejer2-template/out/ejer2-template.elf	0x1a000e0c	0x00000002	T	UART3_IRQHandler
Ejercicios2/ejer2-template/out/ejer2-template.elf	0x1a000610	0x0000001c	T	delayWrite
Ejercicios2/ejer2-template/out/ejer2-template.elf	0x1a0001a0	0x00000002	W	MCPWM_IRQHandler
Ejercicios2/ejer2-template/out/ejer2-template.elf	0x1a002304	0x0000002e	T	__gnu_ldivmod_helper
Ejercicios2/ejer2-template/out/ejer2-template.elf	0x1a000ed0	0x00000028	T	Board_LED_Set
Ejercicios2/ejer2-template/out/ejer2-template.elf	0x1a0001a0	0x00000002	W	M0APP_IRQHandler
Ejercicios2/ejer2-template/out/ejer2-template.elf	0x1a00084c	0x00000058	T	gpioRead
Ejercicios2/ejer2-template/out/ejer2-template.elf	0x1a0001a0	0x00000002	W	GINT1_IRQHandler
Ejercicios2/ejer2-template/out/ejer2-template.elf	0x1a000b48	0x00000018	T	Timer_SetCompareMatch
Ejercicios2/ejer2-template/out/ejer2-template.elf	0x1a001fd8	0x00000024	T	Chip_UART_ReadBlocking
Ejercicios2/ejer2-template/out/ejer2-template.elf	0x1a000e50	0x00000014	T	Board_UART_Init
Ejercicios2/ejer2-template/out/ejer2-template.elf	0x1a001840	0x00000018	T	Chip_Clock_EnableBaseClock
Ejercicios2/ejer2-template/out/ejer2-template.elf	0x1a0017c8	0x00000044	T	Chip_Clock_SetBaseClock
Ejercicios2/ejer2-template/out/ejer2-template.elf	0x1a0001a0	0x00000002	W	GPIO4_IRQHandler
Ejercicios2/ejer2-template/out/ejer2-template.elf	0x1a0010c0	0x0000000c	T	Board_SystemInit
